,downYear,upYear,downMonth,upMonth
11199,7,6,85,74
10452,10,8,119,101
14904,12,31,220,302
11682,2,0,21,9
13688,26,67,445,671
11340,26,48,367,531
12183,16,28,247,283
14795,22,38,343,401
14154,16,19,212,227
10233,9,15,135,174
10153,17,15,205,208
10831,0,2,9,22
10364,31,42,388,497
13311,18,33,278,346
14859,20,35,305,360
10145,31,64,489,651
14250,23,30,308,357
13821,16,52,335,513
11666,11,16,162,167
12706,24,31,291,374
10495,18,25,240,292
14541,27,68,511,629
14568,7,6,81,85
12570,20,48,370,473
11287,10,12,125,156
10858,5,9,78,93
14736,17,58,392,517
12394,16,21,213,233
14066,16,34,288,334
11041,18,20,217,253
10225,22,66,447,613
12909,17,28,241,304
10575,14,28,218,293
14912,27,32,327,389
11754,27,57,448,571
11674,23,72,462,678
14605,9,6,92,95
10807,14,21,210,231
14955,6,9,89,98
13792,20,26,270,290
14496,19,38,309,386
15325,7,11,110,110
10890,30,38,383,459
12546,29,47,420,498
13434,20,22,232,273
13573,17,27,245,285
14058,9,13,127,143
10049,4,2,41,39
10372,21,34,310,371
13442,11,27,210,255
11404,25,70,465,675
12474,7,7,96,74
12060,27,60,490,570
15456,30,45,442,474
10137,19,41,322,406
11850,27,68,489,651
15341,16,26,231,278
12503,34,46,460,511
10786,31,43,435,464
16109,19,40,305,413
13565,8,10,122,118
10524,20,24,246,291
14218,18,41,315,407
12749,23,39,339,420
10241,22,40,327,427
13549,9,12,118,140
14322,27,52,406,544
14509,19,37,305,372
27561,19,21,247,244
15069,37,58,526,614
12810,9,6,106,81
11156,18,36,289,369
11826,10,20,175,204
14533,23,32,292,374
14090,24,36,326,399
10479,14,21,216,233
13522,12,30,231,287
10591,19,22,234,263
12079,32,51,457,544
13362,9,9,104,116
12933,11,8,132,111
15659,20,55,405,493
15720,27,68,448,687
15704,11,14,140,162
13696,8,12,115,159
16176,0,1,7,19
16432,34,57,507,590
10823,19,28,276,322
11260,29,40,390,450
21573,32,60,506,599
15042,9,13,133,154
17929,11,10,116,149
11789,9,8,103,109
17128,14,22,214,242
13143,13,28,235,276
19537,18,38,305,383
11148,7,15,127,164
12298,1,2,24,26
16707,12,28,221,272
17419,0,2,15,19
18542,24,51,394,524
19131,15,35,272,334
20853,17,41,286,424
12888,16,32,279,313
14875,5,10,86,101
17232,6,11,97,134
19203,9,5,87,100
13864,1,1,15,19
19596,20,32,270,365
18198,0,2,13,21
21020,27,36,358,417
17849,1,1,16,16
10196,1,1,14,18
19027,14,28,228,284
19385,12,11,144,147
13100,19,41,320,414
21776,26,50,373,546
18411,18,58,363,556
19019,11,19,181,210
11834,6,7,81,87
18868,1,1,11,21
21370,8,22,157,219
13207,5,2,61,53
22859,7,21,156,197
22947,9,30,199,292
23229,14,35,248,364
23210,6,22,157,191
23712,20,52,345,525
23931,13,58,333,525
23421,15,22,213,241
10970,10,19,158,197
18382,17,35,276,357
12730,5,24,147,215
15368,19,30,278,320
23317,14,35,282,320
24061,3,11,71,112
24109,17,52,347,485
23130,9,15,144,167
23587,7,8,99,96
23675,3,1,37,23
22402,5,11,109,109
22680,14,31,266,288
20626,22,40,340,421
11367,6,7,70,102
24627,6,16,151,144
23296,3,6,52,70
22541,7,16,139,174
13610,7,10,103,112
20810,0,0,5,4
21290,3,4,45,64
18585,0,2,16,29
14613,2,4,44,41
23464,9,14,150,146
11391,2,8,54,76
20570,10,18,162,187
21872,0,0,4,1
22496,6,12,116,134
15085,0,0,8,5
22891,8,25,190,241
15472,12,38,270,349
12466,9,11,120,137
12431,19,42,319,431
25785,27,36,363,403
22875,1,3,27,32
12124,6,9,86,110
21055,15,21,216,235
20976,8,10,123,109
10735,3,7,53,77
15464,4,5,61,67
17582,1,4,37,40
17144,14,42,292,403
24707,7,19,147,177
19107,1,5,33,50
10559,9,19,152,203
19211,7,3,67,73
23907,3,3,39,44
19430,3,12,81,113
15149,1,4,50,48
11439,2,6,55,59
20554,0,0,5,8
10778,0,0,2,16
18163,11,52,324,442
10604,11,31,229,288
11447,9,17,146,185
21901,4,3,49,45
17005,16,47,330,436
15843,6,9,100,94
19940,5,17,116,160
10030,2,8,57,84
24141,8,19,148,190
23720,6,12,109,122
12095,13,27,224,275
23018,6,10,106,105
20108,0,0,1,2
18112,14,28,239,275
22461,6,6,76,81
17013,2,5,40,64
21768,12,14,143,183
11092,9,9,113,114
20407,10,15,147,170
19916,10,32,230,295
19828,5,4,61,66
20124,14,31,223,329
12511,10,21,192,210
22007,5,16,124,142
23173,0,0,2,7
17478,14,49,307,459
22509,17,46,322,444
16870,10,30,208,287
24184,14,30,238,301
19617,9,9,113,119
22429,8,7,106,88
21936,18,45,332,434
12343,6,5,72,93
16678,21,42,337,429
24635,14,16,181,198
19684,3,8,64,85
23886,8,7,95,98
14664,2,6,54,57
17750,16,47,335,431
21995,1,5,43,53
17806,17,32,264,336
17291,11,17,153,203
22330,6,5,71,72
11068,6,6,80,81
23683,8,9,111,107
25320,20,43,325,441
11375,1,5,43,56
22023,13,21,212,211
12757,3,2,45,36
23851,11,31,220,299
25005,13,25,215,259
17558,7,14,123,145
15835,2,8,62,74
17646,10,13,133,157
20239,10,15,153,168
22699,2,5,47,52
22082,12,27,204,279
17881,1,3,33,36
14867,4,4,66,52
21186,20,43,355,411
23747,0,0,2,3
14779,1,4,34,36
13354,10,25,210,229
12781,8,10,103,129
23528,4,7,62,81
24555,7,17,141,165
24811,16,26,247,276
25646,4,10,83,120
15667,12,39,255,376
19895,15,29,261,277
24088,10,8,111,121
21530,4,8,79,78
20204,15,31,252,321
11981,6,8,91,95
15237,8,6,90,88
10866,12,26,210,261
24096,6,10,101,130
13661,10,19,162,198
13290,7,14,120,146
17603,0,2,19,24
14525,11,17,165,189
24176,2,6,48,67
21151,1,1,19,26
19254,14,26,219,279
12490,21,42,350,416
12052,22,41,335,431
18980,9,9,123,109
11690,10,19,162,202
21549,0,5,30,48
12191,3,7,54,76
22015,2,1,30,17
11762,17,46,323,443
16600,13,50,320,446
23077,12,43,279,396
25689,6,8,92,94
17099,0,3,22,29
16731,8,11,125,122
20730,10,27,204,260
16723,3,7,55,85
10276,6,9,90,101
22074,3,4,51,48
17742,0,2,14,21
18315,13,11,151,155
21557,12,17,175,188
15528,1,6,38,61
10989,9,33,215,308
16803,8,19,141,197
15819,2,8,57,81
20714,3,3,38,45
11949,9,6,99,95
24459,21,38,322,398
13303,15,21,219,223
11658,6,15,121,142
21645,2,5,43,52
14189,8,18,152,176
20431,6,5,67,80
19756,8,10,123,103
19772,3,5,53,57
14357,7,20,146,193
24619,0,2,20,25
21434,5,5,67,71
13012,5,8,74,103
24221,17,37,268,392
15915,12,7,137,104
13856,11,52,305,461
19377,10,30,204,292
14891,15,32,252,329
19561,18,45,337,429
12212,2,0,27,18
13274,1,5,33,49
15157,1,9,54,83
25136,0,0,3,4
16686,2,8,58,78
12976,9,19,136,216
24264,16,28,259,285
16205,4,5,58,69
12618,0,0,1,2
16571,9,27,195,258
12220,0,0,9,6
15544,6,6,90,73
28281,0,3,21,36
23050,7,17,141,163
10057,13,21,224,200
15966,10,31,212,301
21784,1,1,16,21
18032,12,25,202,263
13389,0,0,6,7
13370,6,4,73,82
10292,0,4,26,40
10321,15,14,182,183
14488,4,5,61,63
22488,9,7,103,102
18729,17,46,313,453
17304,9,19,154,203
22306,3,4,41,62
22381,2,3,31,47
21231,6,12,98,134
14816,0,0,2,3
25187,0,3,24,31
19350,20,43,329,437
11359,0,4,30,29
25013,13,38,272,360
17689,3,3,42,40
13004,2,1,28,19
18171,0,1,5,20
11703,16,43,321,405
21979,14,37,277,365
11543,6,7,81,92
12319,18,25,251,286
19844,2,7,54,68
17830,20,43,335,431
23325,10,16,160,172
25232,17,36,296,367
16256,2,5,51,54
24336,6,12,107,121
17486,2,1,20,32
25611,0,8,55,78
25267,12,32,217,327
19836,2,1,22,29
17654,2,7,54,72
17312,3,3,47,43
17216,0,2,16,24
24678,10,32,217,302
13063,8,10,101,131
21688,0,1,9,14
18147,15,26,223,282
25195,11,7,122,112
18569,10,20,162,212
12140,20,34,296,368
20984,15,18,206,200
24504,2,8,51,85
18884,8,16,131,172
18278,11,21,186,219
19334,12,10,129,153
10161,15,20,206,234
20167,12,10,135,139
12837,9,13,124,156
10487,10,18,149,201
18091,3,9,82,75
25072,6,12,101,131
14429,2,9,66,78
20562,11,26,210,246
21303,6,20,137,191
11770,2,3,29,46
12626,8,18,150,182
14832,1,1,23,20
11471,7,16,127,168
18999,12,19,170,223
19393,16,47,325,441
19270,3,6,53,68
20036,3,6,58,61
16619,10,6,90,115
18825,6,12,106,120
21522,9,19,169,186
12458,20,20,236,260
19713,9,17,147,182
12044,4,8,74,85
18403,19,36,308,373
17056,3,2,37,33
20263,10,17,151,187
22787,5,7,76,80
15763,12,15,167,176
17953,8,20,146,203
20386,8,18,141,184
19932,3,7,57,80
25371,17,21,210,258
22808,3,7,60,70
25056,15,24,216,269
17590,8,21,161,203
22293,22,39,340,425
23499,4,21,130,191
22592,19,44,323,443
21426,1,2,28,29
19625,1,2,26,25
19238,11,16,168,169
14760,7,13,139,136
17398,0,4,26,35
13901,10,53,289,477
22752,16,47,313,453
20001,4,8,83,81
17566,16,24,242,258
15165,1,4,38,43
86239,6,8,89,89
13805,2,5,47,52
11607,21,27,247,340
24037,9,15,139,159
22648,6,20,133,189
19887,9,15,139,167
25128,2,5,42,52
25697,7,13,124,147
18921,16,26,251,267
15974,2,8,66,72
12669,8,9,111,112
18550,11,19,166,208
20677,9,20,161,205
21514,15,26,230,281
20298,1,5,38,48
11308,13,50,299,467
21346,10,10,137,122
16598,7,16,126,164
22621,0,1,11,17
23894,8,9,109,116
20095,8,10,115,122
18446,13,24,218,240
13637,9,9,101,124
20650,0,0,9,3
15448,2,7,47,75
19510,7,7,87,99
23819,21,42,348,418
18681,20,22,230,308
24002,7,11,109,123
21004,10,32,220,300
19174,6,7,77,96
10006,9,17,146,181
19764,4,6,72,82
16758,8,13,126,136
19553,9,32,212,290
13928,14,49,328,438
10401,15,32,257,327
24942,18,44,317,440
10751,10,15,142,169
23165,0,2,16,20
22242,3,5,50,60
23448,8,17,142,172
14314,0,0,7,8
10727,7,5,78,81
18841,3,7,67,66
14277,22,37,316,413
16651,12,17,190,179
10436,5,8,86,85
17515,4,6,64,70
23237,5,7,79,86
12167,9,8,103,122
17726,11,31,230,295
21418,4,6,61,77
19668,2,5,37,57
16969,5,12,107,115
21821,11,31,216,298
22760,10,20,176,200
18366,1,2,25,29
15499,4,7,75,71
18948,11,27,204,272
23384,3,4,54,42
10516,17,34,284,347
18016,19,31,290,330
25582,12,23,195,258
18067,16,21,224,241
17048,2,7,49,75
15536,3,7,58,72
13135,2,4,34,48
12896,4,6,60,81
24328,8,19,167,184
16926,1,3,21,37
24643,25,38,349,417
17718,3,7,69,63
21119,12,17,171,190
11295,8,20,147,199
19967,3,1,39,28
21178,19,34,275,388
19692,14,28,239,285
17451,2,7,61,62
13151,0,2,17,22
24539,9,34,220,313
19297,8,16,143,160
14883,10,31,230,276
23341,10,26,199,251
20482,15,48,308,457
19959,0,0,8,5
25662,9,15,139,167
20511,4,3,49,44
24010,18,45,324,442
11527,3,7,61,77
12941,4,5,57,65
15480,2,3,38,41
14592,8,22,159,212
18454,0,3,17,36
22728,9,18,167,177
28513,3,8,61,85
23456,3,7,57,73
24803,16,30,258,314
11164,8,20,168,189
24854,7,13,116,136
20079,10,23,176,234
24571,7,17,138,170
17064,2,1,30,19
10102,9,8,109,106
10209,2,3,34,45
24563,8,41,270,337
22779,20,43,341,425
24993,3,3,42,41
16344,1,7,43,68
20503,2,5,50,49
23026,17,46,299,463
18649,14,24,206,256
22170,0,1,13,17
20896,9,16,139,171
19879,11,9,122,124
18374,12,28,223,280
23536,6,30,182,275
14699,0,0,0,1
20992,8,8,109,93
26366,8,9,93,124
20909,10,17,154,188
21266,3,5,49,62
21194,9,8,104,115
15317,3,4,45,57
25179,1,1,10,21
22218,6,8,104,99
12650,10,14,150,174
21469,4,3,49,53
22410,8,11,121,142
21223,0,0,5,13
18331,8,11,110,125
26657,19,21,242,257
15579,20,41,330,412
26294,13,16,178,194
25419,18,43,327,414
25670,0,0,11,8
26446,7,3,73,64
26323,3,4,39,55
24387,1,3,32,32
23616,0,0,7,12
14728,1,1,16,23
25742,0,0,1,7
27158,3,6,52,65
27473,11,16,167,163
16424,13,31,202,338
25339,3,2,41,22
25910,12,21,180,223
13119,20,25,255,289
22533,7,11,93,130
27027,9,18,144,191
26921,9,5,89,87
27537,2,4,30,49
21709,8,14,130,155
25574,9,13,122,155
27465,5,5,65,74
27182,2,1,32,20
26825,16,43,307,410
11033,1,5,39,44
23878,3,3,38,44
18390,3,3,42,47
27836,8,4,77,76
27510,6,13,115,125
27916,2,4,39,42
28003,6,10,87,112
20415,8,9,132,120
27617,1,1,16,10
28310,8,31,208,278
28134,10,14,130,173
24889,1,4,33,38
23253,8,10,118,128
68523,1,2,35,21
28118,13,24,217,241
28484,23,26,284,325
38404,1,2,20,24
28548,5,19,132,168
26737,4,10,89,108
26120,6,13,107,135
23552,13,17,183,192
22920,4,5,66,56
23288,0,0,5,11
25718,9,9,110,117
14402,6,9,87,103
38973,7,27,175,241
39263,3,6,61,56
11746,4,5,58,67
26622,9,16,136,173
28580,5,15,100,149
25515,5,6,77,70
27983,22,35,324,364
22365,0,1,4,12
23579,13,35,245,340
28353,8,29,178,278
39917,17,39,310,374
26438,14,21,208,235
21338,4,4,62,56
25478,10,12,127,156
23915,15,25,241,261
39626,6,9,95,99
19166,16,32,265,327
40010,6,14,116,143
36468,12,44,299,381
40483,9,27,189,251
40758,1,2,19,29
40301,7,15,135,144
22103,11,44,296,376
27174,8,10,107,130
23800,5,5,70,73
38914,14,19,203,223
41080,22,33,310,362
25902,4,3,54,46
41515,3,1,34,28
40790,6,8,90,96
27000,4,6,63,70
27115,11,20,171,214
27297,6,11,97,120
41953,6,3,65,51
28177,3,4,50,45
28265,3,4,48,47
26729,11,20,180,202
27342,4,11,85,104
25873,7,11,103,124
42323,3,4,52,39
40635,7,22,160,190
34040,16,13,179,185
34550,2,1,26,21
29911,7,6,87,86
39992,8,7,95,99
26155,4,5,54,62
26075,11,22,191,219
27043,6,14,119,144
30330,6,23,156,196
20474,5,2,54,37
24985,13,25,202,263
25144,4,5,58,57
26788,7,9,100,102
27940,7,15,118,150
21928,4,5,54,61
22613,5,5,66,70
40061,14,25,217,272
21274,11,15,148,176
27051,6,25,162,222
25988,5,12,97,125
27852,3,2,32,37
27879,4,1,37,33
28505,8,11,107,130
40416,19,28,251,323
44062,8,24,169,233
31763,8,8,100,105
27086,8,14,128,153
40854,5,12,96,121
43609,4,7,71,67
17267,4,5,52,66
40723,8,9,103,108
42569,2,0,20,12
16280,2,3,39,35
19414,7,9,91,105
45081,8,6,83,92
11332,2,2,30,31
43094,0,0,6,6
23480,0,0,2,4
27596,10,18,160,197
44505,6,7,84,91
45620,7,2,61,58
26112,18,18,222,228
45604,0,8,43,80
28089,1,0,14,10
42606,12,11,142,149
17961,11,21,172,224
42796,12,30,220,292
41785,2,3,38,31
27924,8,14,131,151
24651,4,3,57,40
40432,2,0,15,16
20343,8,11,114,123
42075,5,1,50,39
45663,4,5,56,62
43633,0,0,4,5
43203,4,6,63,62
45225,2,1,27,22
28994,1,0,12,10
26649,10,10,112,140
29962,4,1,41,34
39271,7,8,93,102
39458,5,5,66,58
27238,5,1,52,35
46682,4,10,88,95
22939,0,0,3,4
33873,6,6,78,70
34024,4,10,76,102
16029,6,7,78,90
46252,5,7,69,83
33814,11,16,150,195
46578,9,42,255,369
39896,3,8,73,80
47386,0,2,19,23
14656,17,25,233,290
21207,22,29,296,324
26569,4,4,58,56
48725,13,38,258,359
22568,11,7,120,110
22138,1,4,35,41
38324,4,7,70,81
49592,3,2,42,34
47562,4,1,52,24
21397,10,19,177,185
38930,2,1,26,24
32141,4,3,54,48
45428,9,6,90,99
42024,15,22,222,236
50227,12,27,210,268
48549,5,8,76,100
23309,8,28,197,253
33312,5,14,115,130
39669,5,14,104,134
49744,9,21,184,191
17435,6,7,84,84
14461,3,2,40,40
26462,2,4,36,46
46703,10,25,215,231
38455,5,4,56,64
43449,12,38,241,366
47482,0,0,7,6
22189,2,3,32,39
41160,2,4,37,39
50876,15,35,261,341
48258,3,2,32,35
51799,4,5,58,65
42083,11,23,198,230
27748,0,0,8,7
49955,4,2,46,42
49920,6,4,62,65
46447,4,7,72,72
26534,5,6,66,71
45014,9,8,109,107
46228,9,7,110,101
15747,5,15,126,132
54009,0,0,4,3
39335,3,7,59,76
39538,13,24,225,246
27887,14,34,244,336
48434,5,4,53,66
43510,5,6,71,73
47052,2,8,57,78
27190,5,7,75,83
25590,2,1,20,26
39642,15,33,249,331
42526,4,8,62,86
46391,2,2,35,32
39087,12,21,191,232
15560,15,22,206,254
16336,2,6,55,59
20394,9,13,143,140
21282,0,2,16,24
39765,9,13,120,156
10874,13,21,191,232
51801,1,1,17,21
56266,7,17,144,161
42091,1,0,16,8
56485,8,5,71,96
49680,6,17,121,172
50681,1,1,20,18
50403,1,0,14,9
22111,13,34,239,333
51027,2,0,26,12
56864,2,4,40,63
40352,9,8,101,109
46201,1,2,23,20
31536,8,16,128,168
46674,10,37,248,318
50534,1,4,35,47
46295,11,14,140,168
38885,2,2,29,31
41486,4,9,80,92
38850,9,11,121,133
48565,10,6,101,101
57779,0,0,4,11
48119,0,1,11,13
38578,10,19,162,196
27713,11,22,189,220
56223,15,16,188,197
27828,17,29,252,303
58296,9,10,123,125
57488,6,3,69,59
38156,13,32,229,322
40221,6,9,91,103
46877,13,28,206,304
42235,0,2,17,21
53786,5,18,113,175
35166,2,7,57,65
38041,2,5,39,51
55386,3,3,43,36
38551,3,10,59,107
43916,9,13,129,143
40141,1,9,64,61
48960,8,22,163,203
46922,3,21,131,164
47941,12,29,235,263
41662,2,8,61,71
44273,3,4,48,58
20220,16,17,192,218
40053,1,10,54,95
21485,6,6,69,93
58659,0,0,2,4
43502,1,3,24,37
40272,14,30,236,302
56012,0,0,9,11
41478,2,2,34,24
59408,15,29,230,304
59379,8,22,155,217
41718,4,15,104,133
41929,7,12,117,128
50956,5,16,111,150
48071,5,19,132,162
51772,6,16,111,168
38703,11,33,220,314
46850,6,17,122,171
33056,2,3,30,39
57250,2,5,44,55
58827,7,14,120,147
47626,4,13,88,124
53903,5,5,66,63
53858,5,13,106,127
56805,5,5,70,59
47079,4,17,118,149
26497,4,1,46,28
80411,0,1,15,15
24192,7,10,96,123
24205,6,38,195,339
59483,8,11,115,129
26550,3,16,90,147
59176,11,33,217,317
59459,9,35,212,322
48223,4,11,86,100
47896,13,31,237,297
59184,8,23,165,223
54615,0,5,32,44
59192,10,29,202,272
46658,6,12,100,126
49015,12,32,221,313
59440,9,22,157,229
53081,6,14,104,147
59432,11,10,114,143
26403,12,32,220,314
59221,1,4,28,41
47300,4,12,86,123
59248,17,27,242,292
59416,2,6,51,55
48354,3,19,116,159
56098,1,0,11,17
48485,7,22,136,221
48397,3,21,110,191
27959,8,36,199,335
31659,8,4,81,72
26286,6,6,80,75
59467,10,6,106,95
59328,13,31,223,306
49154,12,32,220,309
51377,14,20,193,224
28169,1,1,16,14
42657,0,1,14,18
53831,10,21,172,217
30365,1,6,28,64
16360,2,9,58,82
59205,2,9,60,76
55685,0,2,10,26
45065,2,4,39,53
58990,11,17,167,188
41427,1,9,57,74
43772,10,25,184,253
43123,14,22,219,222
26542,5,12,95,123
32475,3,11,66,113
26307,0,0,3,8
51561,5,4,50,71
26390,3,6,55,70
52337,16,20,202,244
46754,6,3,57,71
48653,12,26,196,274
19051,3,16,101,143
22250,8,7,88,104
43553,12,29,198,302
52564,2,3,34,42
44652,5,14,103,136
25216,2,3,32,36
36505,1,4,29,45
19502,12,29,223,272
48506,8,33,182,311
26382,9,12,135,152
66800,12,28,207,284
26681,6,8,80,107
61890,3,2,37,40
61794,3,2,33,35
65816,7,4,75,69
61970,0,7,33,65
60506,9,31,203,280
43132,1,2,15,25
58640,7,14,117,143
60628,13,27,214,268
34147,11,3,92,84
62148,13,27,199,282
17340,3,5,51,47
60572,2,1,21,26
45671,8,16,133,167
44644,5,34,194,285
59811,1,1,18,18
52695,9,30,213,263
41523,3,1,30,27
40125,15,21,192,268
57592,10,7,103,117
52070,0,2,16,24
59707,7,2,60,58
34032,14,25,206,269
63255,0,3,15,34
57381,5,11,79,124
40838,6,13,93,144
22840,8,22,160,209
58464,2,0,23,14
21450,2,3,32,36
28433,3,2,32,31
58085,4,2,42,32
16088,1,2,24,28
63060,9,16,146,172
45970,4,8,67,98
52919,9,17,145,176
17137,6,6,68,95
64186,8,30,192,272
50404,5,10,88,107
39394,1,2,15,39
15712,0,3,13,40
64311,8,30,195,267
55976,9,29,186,275
27749,6,2,54,57
46615,3,2,34,37
60206,8,30,194,266
23990,6,20,133,186
43318,1,3,24,33
43350,8,30,192,268
29946,10,28,190,269
36978,7,8,95,98
39140,1,5,28,50
14593,13,25,200,258
46594,3,11,76,99
34833,12,26,194,263
27633,13,21,188,226
64629,9,10,120,127
56186,0,0,7,12
55212,4,7,74,75
35211,4,10,86,103
64936,9,28,160,290
62834,9,13,117,158
61065,6,15,117,145
56274,11,26,184,264
64282,14,23,197,251
17278,7,3,71,60
63108,3,2,34,33
66069,3,7,53,86
55351,0,2,21,25
60900,1,2,22,25
61399,9,27,184,258
65883,9,13,111,163
74617,5,7,75,87
66093,10,26,192,250
65859,0,14,69,118
66018,3,9,56,105
66026,2,10,57,100
66122,2,13,70,126
65875,10,26,188,254
52062,0,1,14,18
54148,14,22,195,246
64207,3,1,31,33
61241,18,13,195,202
25507,1,0,13,11
38682,11,16,149,192
58596,1,3,27,37
30067,6,7,85,83
52978,11,25,183,253
61284,3,10,59,100
70229,5,10,84,104
49905,7,16,129,161
24715,9,1,59,66
58093,1,1,13,17
57568,9,27,165,270
25769,7,14,119,143
14323,8,13,122,141
44792,8,4,79,73
47490,8,7,91,102
47466,10,15,154,159
50032,4,17,112,147
60337,2,2,27,29
70376,6,5,63,81
45495,9,19,156,199
44951,12,14,145,183
25160,1,3,27,34
34817,13,22,185,244
28222,7,28,173,256
42200,13,22,182,246
38893,5,10,70,118
62164,6,4,69,61
64020,5,6,65,75
24766,9,26,169,258
21792,10,25,177,249
49606,0,4,14,41
75030,3,10,69,94
40539,8,27,171,253
54754,2,0,13,22
37102,2,6,46,59
33785,2,8,55,72
64064,4,3,44,53
25953,11,24,174,249
58480,4,6,62,72
41355,11,24,174,248
64477,4,5,48,65
43342,2,7,52,62
53612,7,8,90,98
57234,1,0,9,15
42999,0,0,2,6
63802,0,2,15,25
90721,6,2,51,61
65787,7,13,119,144
56573,7,27,178,241
61743,5,12,92,132
69024,1,1,15,18
42462,0,0,1,2
26518,9,11,108,149
42534,10,19,151,213
61583,5,8,82,92
26884,4,8,67,87
59926,1,10,62,85
47992,4,6,62,76
38280,2,1,23,24
54447,2,1,26,24
59010,13,21,187,226
57817,13,20,180,226
50156,4,4,50,56
49429,9,12,128,136
60097,10,24,170,241
37065,0,0,5,7
60046,5,5,62,69
49373,12,21,179,227
22066,6,8,75,105
51625,4,9,67,92
66114,7,13,118,134
28847,8,7,95,90
52038,7,27,167,242
91380,7,11,101,128
22753,5,5,71,63
42550,2,4,37,48
50737,0,0,3,9
50024,1,9,49,90
15077,5,16,105,156
56450,2,8,51,87
10623,0,0,7,5
46544,0,1,16,12
75034,12,21,183,221
53401,5,3,48,64
25778,12,18,175,201
71765,2,7,44,74
62324,5,6,69,72
32205,4,6,57,74
45751,11,22,163,238
75181,9,5,79,99
43298,0,0,2,6
25022,2,3,37,37
65066,5,5,58,68
47271,6,3,61,59
35051,7,20,139,193
34841,2,6,50,54
42753,0,2,11,21
44601,8,25,159,238
48514,4,7,67,81
32707,9,10,120,144
68347,4,9,76,95
66181,7,25,165,229
65138,5,10,92,103
62252,1,8,50,78
60839,1,2,22,26
60442,11,21,161,232
47837,0,0,6,9
68144,8,22,156,223
70519,11,21,163,229
39300,0,1,10,14
53479,6,11,80,140
52505,2,5,37,54
64346,5,5,69,65
54181,7,14,107,157
83601,6,9,96,101
51043,7,12,105,136
63845,5,3,48,51
47159,3,12,81,104
57665,6,26,150,236
75423,6,4,65,58
30912,0,1,12,10
71889,0,1,11,10
29196,5,2,46,57
70578,4,27,156,228
89392,3,6,57,72
36469,6,13,104,135
47028,4,1,37,34
70092,8,11,113,136
42833,3,6,57,71
71001,1,5,29,56
60986,10,21,174,207
62308,12,19,151,230
82705,1,1,20,22
47175,6,12,98,128
41081,2,3,37,41
45356,10,19,146,215
42104,5,5,60,70
10104,9,22,150,227
48274,5,16,107,161
23114,4,18,112,163
24272,6,12,111,120
75647,2,7,48,70
87127,5,4,62,60
19721,2,4,31,53
32563,4,5,60,57
68049,5,2,43,45
50905,4,4,44,58
13056,4,10,68,107
27764,4,3,47,47
68591,9,18,149,176
85631,10,21,152,221
76090,5,12,89,125
41179,4,4,51,62
65568,6,1,47,47
27430,8,7,91,103
55079,2,2,31,35
35238,4,5,57,59
18092,6,10,84,119
46288,1,1,22,15
78968,2,4,30,52
76285,0,1,6,9
27263,1,6,32,56
64856,4,6,51,75
76122,3,3,33,46
27087,0,2,21,23
18551,1,4,28,43
58472,1,1,18,15
76608,1,2,20,25
19589,2,1,29,22
76644,9,13,136,141
90609,12,7,130,103
32379,7,6,87,77
75789,5,10,91,109
14008,11,17,148,200
75646,5,17,109,168
76557,3,10,63,102
79250,3,2,37,38
76070,2,2,26,34
10078,7,10,101,108
77768,5,20,123,191
53065,10,18,155,184
79041,0,0,1,4
11626,0,0,7,7
78946,1,2,20,27
76171,4,8,68,90
63096,2,3,23,49
87055,4,23,131,196
50200,3,4,40,55
71298,5,3,50,54
75333,5,7,65,84
79764,1,3,23,31
11997,4,4,52,55
76076,10,17,132,193
10791,4,1,35,42
80080,10,16,146,177
64995,10,16,145,177
71175,10,16,142,180
79119,0,1,8,19
80094,2,2,21,41
80410,0,3,19,33
10107,6,20,126,193
58683,9,17,146,172
92655,4,22,113,205
56232,5,9,85,87
53613,12,14,144,172
77546,2,10,66,90
70536,3,17,97,157
76226,14,12,145,171
80694,1,1,17,14
41443,3,9,61,94
77605,11,14,140,171
14702,9,16,145,165
81193,1,3,25,38
49656,7,18,137,173
76512,1,2,24,32
75625,4,1,39,36
26710,9,16,135,173
71984,2,1,30,23
25487,4,6,64,71
81655,3,22,124,183
79323,10,15,133,173
75257,6,9,91,106
53938,1,3,18,36
81774,10,15,140,165
82959,1,5,36,42
69032,9,16,127,177
66157,10,15,123,180
22517,8,17,119,183
48267,11,7,105,116
25081,10,15,129,172
82309,1,1,13,17
82647,2,2,21,31
77462,7,17,135,157
82776,0,1,9,16
82775,8,16,126,174
76129,1,2,25,29
80678,1,1,23,23
76754,0,1,15,15
10147,7,12,111,135
67571,1,0,13,15
34746,9,15,139,159
77644,0,3,17,28
61735,7,17,116,181
11042,1,4,39,34
83462,4,3,43,50
85869,2,0,24,13
76804,6,5,69,78
78788,0,0,9,7
69607,1,2,22,29
11081,8,8,102,103
83332,4,5,57,65
82308,2,1,24,21
83988,0,1,6,11
84020,6,7,76,82
75175,6,6,77,79
81126,4,5,41,71
76605,5,18,120,168
84375,1,0,22,12
86976,4,0,36,30
84381,5,18,114,174
10693,4,1,36,38
62092,8,15,118,170
75912,4,5,58,59
75510,5,18,105,179
21371,10,13,121,163
52476,6,17,113,170
64565,4,6,66,67
75186,6,17,132,151
39490,11,12,133,149
85073,1,6,35,64
70332,8,13,122,143
81593,4,6,60,74
77157,6,2,74,61
60441,1,1,15,19
42906,10,13,119,162
72726,8,15,123,158
64390,5,18,116,165
46886,6,17,125,155
24046,5,5,56,74
40484,0,1,6,9
85348,5,18,114,164
20053,5,5,53,69
30681,8,15,128,149
23473,7,16,119,158
71563,9,14,121,156
80599,3,6,53,75
58246,6,16,125,151
67467,8,6,87,94
51588,1,1,19,19
52821,0,0,9,10
79973,4,3,55,45
37584,8,14,120,153
77284,2,4,36,52
83440,1,0,14,18
85913,8,14,126,146
85926,7,15,125,147
85908,1,0,23,8
80506,0,0,4,8
76563,0,0,5,5
81055,9,13,120,150
11955,4,18,113,157
86136,5,17,101,169
88388,0,1,11,12
68304,1,8,55,64
66325,4,11,82,108
30382,5,3,55,53
35044,8,14,109,160
64531,0,0,5,6
83596,4,5,56,64
77606,9,12,127,138
76597,1,0,10,17
77063,2,6,53,57
78083,1,4,36,38
78263,3,2,33,36
75489,9,9,106,121
76712,10,12,125,142
61621,6,16,112,155
70500,5,12,88,123
11976,4,10,83,96
76149,10,6,86,108
75857,6,2,52,54
86414,2,3,27,37
75154,11,11,118,147
77418,8,10,108,125
78139,5,7,78,78
81061,7,14,123,141
36127,0,1,14,11
71686,0,4,26,42
60599,12,9,125,137
62770,1,5,41,51
78916,9,11,114,139
86591,3,2,40,37
57904,5,16,112,148
54463,0,0,10,7
75573,4,6,67,71
82598,8,13,116,143
83583,0,4,30,36
85914,9,12,123,136
15202,7,14,117,141
77178,7,14,111,147
50906,5,2,49,46
76887,5,3,56,56
82643,6,6,81,77
86326,1,0,14,11
61663,0,1,8,16
87029,0,2,19,17
77659,8,9,100,113
10138,6,15,103,152
10942,3,4,41,47
60943,8,13,109,146
60871,9,12,113,142
27991,7,14,106,149
77481,3,9,63,88
10353,1,0,12,7
80470,2,1,20,26
51369,8,5,81,92
76201,8,13,112,142
59345,0,1,10,6
82686,6,15,111,142
87292,4,6,51,80
79237,4,7,80,73
54827,7,6,87,81
83435,9,8,97,113
86041,0,0,6,3
70033,8,11,117,128
11983,2,0,27,19
86496,1,0,16,13
84372,3,3,44,49
84036,2,4,43,42
80055,3,1,35,28
10299,8,8,96,107
75577,8,6,87,101
83413,1,0,13,11
11896,4,4,59,54
83693,3,2,37,32
76656,4,2,38,46
79718,4,1,32,35
11970,1,5,34,46
10725,0,3,16,35
12067,5,6,77,67
77702,5,15,96,151
75100,6,14,105,142
87432,6,14,113,134
79108,5,1,45,40
86305,5,3,56,58
85963,7,8,87,100
79879,8,4,86,75
88313,4,6,70,66
85599,0,0,4,7
85032,5,5,62,67
87800,1,0,15,10
88319,3,2,35,31
87137,8,12,107,138
24360,2,4,31,53
29102,7,7,80,93
90352,4,4,56,54
86176,5,4,58,64
85516,3,1,29,24
83630,0,0,8,2
88587,2,4,42,41
45241,6,7,73,91
23318,3,2,29,36
54690,2,3,24,41
38762,6,14,91,151
75825,8,12,106,136
76757,4,3,47,43
51596,1,5,27,50
52230,6,14,111,130
78975,2,18,92,149
73139,3,17,97,144
77173,1,0,12,8
80266,7,3,60,61
87842,7,13,109,132
83981,3,1,42,18
73940,3,3,37,36
90537,2,8,75,77
85522,3,1,39,25
88853,6,11,102,119
88845,3,13,77,137
79094,8,4,81,85
23887,8,7,90,103
84001,2,3,36,37
23660,6,13,93,145
10696,3,16,83,154
88601,1,0,20,7
26332,2,0,17,17
86756,2,6,46,60
87536,1,1,14,20
84129,9,10,110,125
84342,3,6,66,60
76624,4,1,32,39
89014,2,14,89,118
89001,1,1,16,22
81540,4,15,95,138
84519,4,3,51,49
53866,3,10,75,92
43610,0,0,3,7
89070,7,12,101,131
86314,7,9,92,112
45277,7,5,71,82
85238,1,4,23,41
37161,3,11,79,98
76565,4,1,29,35
86580,6,13,90,140
10324,4,5,54,58
76638,4,3,46,41
79547,6,13,94,135
82651,5,13,93,135
75592,3,10,72,97
79057,1,14,77,127
51706,4,4,52,61
80515,0,0,7,5
36397,5,5,66,67
81285,1,4,24,49
81138,5,5,67,67
76240,3,4,48,47
80100,6,12,85,138
86868,4,14,93,129
75828,6,12,98,124
58094,1,2,21,32
10108,0,2,14,23
89258,5,13,87,135
86356,4,14,103,119
89195,5,13,95,127
87447,5,13,92,130
89179,4,14,89,133
88668,3,12,75,115
86946,1,13,60,118
89495,0,1,10,9
84373,4,14,91,126
89525,5,13,83,134
76282,5,8,76,98
52090,2,15,80,134
80711,5,11,89,124
75607,7,10,101,113
86102,3,6,51,66
80406,1,6,36,59
77668,4,10,67,116
89813,4,4,39,64
76841,7,10,91,115
35554,6,10,87,116
81262,0,2,14,22
80913,3,2,31,39
85269,6,10,88,113
83862,5,10,85,113
69550,6,9,97,102
90110,3,7,59,76
77274,5,11,92,106
10562,3,1,28,26
77150,1,0,11,16
88661,7,9,93,103
89463,2,2,27,30
12062,3,13,76,118
64451,0,2,11,23
86021,5,9,70,105
90441,4,10,75,96
79212,1,4,24,42
22032,0,2,12,21
90435,0,0,8,15
84032,8,7,90,100
89757,4,2,41,49
32791,1,2,19,24
69796,4,11,78,108
77661,5,10,81,105
28388,7,8,79,106
76619,2,5,34,59
77730,6,9,77,108
28345,5,6,69,74
64653,3,12,79,106
78034,6,6,73,76
52708,5,10,77,106
90880,4,11,74,108
84788,4,11,69,113
90162,5,4,61,58
84176,1,1,13,18
82642,2,12,68,112
77281,5,5,71,68
91063,6,6,80,86
85753,3,11,66,113
11415,0,1,18,16
75224,4,6,58,75
78877,6,5,83,61
77129,8,6,89,88
85058,5,9,81,96
65330,4,5,65,63
82618,5,4,58,63
90319,4,10,71,106
83421,3,3,38,47
91207,4,5,56,68
91218,2,0,18,19
86845,0,1,12,9
86979,7,7,84,91
86799,6,3,56,61
89626,4,10,81,92
91391,4,4,47,57
91392,3,8,55,85
91388,0,0,2,5
45794,1,2,18,28
89003,3,11,67,103
90199,5,9,77,93
11552,4,8,66,90
88991,4,3,44,50
91461,6,8,76,94
86158,6,8,73,97
78840,1,0,11,9
58318,0,1,11,12
27756,1,2,17,26
89954,2,6,38,65
80381,4,9,66,102
62519,1,0,16,19
85072,4,9,76,91
91650,3,6,49,71
25099,1,6,40,60
87070,3,4,47,58
83976,3,2,39,42
85459,6,7,70,96
78927,1,0,16,8
90038,3,10,61,104
89006,3,10,68,97
81776,3,0,34,21
63830,3,5,42,62
85271,1,0,12,8
79129,3,1,36,36
87299,5,8,72,90
92156,1,3,27,41
92157,2,8,53,80
92121,3,10,66,95
90993,2,11,70,90
37284,2,8,63,70
78987,3,10,64,96
90808,5,8,66,93
61815,5,7,74,82
83699,2,2,37,25
87717,3,10,70,89
91143,3,2,36,37
52329,6,7,78,81
23501,1,7,45,55
86111,3,10,62,96
51263,1,0,13,9
92293,4,5,52,63
53225,2,4,40,41
50017,5,5,68,58
89301,3,5,48,52
76639,2,8,56,84
81857,2,5,45,54
67598,5,7,67,87
92602,2,10,65,88
88352,2,10,60,91
63765,4,4,55,51
76082,6,6,71,80
80303,1,1,21,20
82307,3,9,65,85
17279,0,6,32,51
91233,1,11,53,97
92709,3,6,50,65
19583,4,8,70,79
90829,3,9,65,84
84769,3,9,52,96
75241,5,7,65,83
90215,2,10,57,91
11618,2,10,72,76
92618,1,8,41,76
90601,1,11,54,93
30940,6,6,67,80
76625,2,0,15,20
83906,4,5,57,64
12073,6,6,65,81
89533,4,8,65,81
11600,4,8,68,78
42585,3,9,62,84
86725,1,4,25,37
77976,0,2,11,16
88590,3,5,46,54
86228,1,11,47,98
83143,2,9,60,84
65947,3,8,58,86
79265,6,5,64,80
23085,1,8,49,71
82298,5,1,57,35
91883,1,5,31,55
44206,1,10,48,94
75819,3,8,58,84
32870,1,10,51,91
79103,1,10,50,92
82196,2,3,33,38
91937,1,3,27,38
89004,3,4,40,51
76708,2,0,20,20
85792,4,7,59,79
66384,5,6,61,77
87184,2,7,42,78
70308,0,6,32,48
92988,1,4,27,38
91611,5,2,48,41
86783,2,9,53,81
27422,3,1,26,26
77338,1,10,56,77
91556,0,11,54,79
91547,3,1,31,31
92611,1,10,43,90
92890,3,4,40,50
90071,4,6,59,73
79881,4,2,48,37
83443,2,8,56,75
90805,5,5,64,66
10909,3,7,49,80
89508,4,6,55,72
93422,2,2,29,30
68857,1,4,27,39
86964,6,4,61,60
89393,2,8,44,77
79915,5,3,49,49
12456,0,0,7,8
89105,3,0,32,24
87267,2,7,44,73
91068,4,5,49,68
87657,1,8,49,68
90547,0,0,13,3
85592,1,8,45,70
89071,1,8,40,74
12872,2,7,44,69
90386,5,4,49,63
81481,3,6,44,65
15553,1,3,19,36
13035,2,7,41,68
79545,5,4,45,64
77182,4,5,59,50
13168,3,3,48,47
13141,0,1,14,11
86339,0,8,44,62
79089,2,1,27,18
12558,4,4,49,55
83111,3,5,48,56
48486,1,7,33,70
88031,2,6,49,54
13356,3,5,44,59
93159,2,1,26,18
89641,2,6,40,62
12345,1,7,40,60
79411,0,2,14,15
13598,0,2,10,22
13586,3,5,41,57
13567,3,0,18,24
93096,0,8,41,56
88837,1,7,42,55
13103,2,6,36,61
13721,2,5,37,58
13936,4,3,38,57
76614,2,5,43,49
80399,3,2,42,37
13788,0,7,26,65
12369,2,5,41,50
12542,5,2,45,45
13963,4,3,47,42
76744,1,6,38,50
85257,2,5,37,51
91926,3,4,39,49
13142,3,3,45,33
77496,1,6,35,50
13407,1,6,30,55
89002,4,2,39,39
14297,2,4,33,51
80286,1,5,36,48
79588,1,0,15,9
80681,2,4,33,48
90979,3,3,35,45
93002,0,6,30,50
14542,1,5,31,49
89509,4,1,37,32
14601,2,1,23,25
80204,1,5,31,47
85593,3,1,36,29
92778,3,3,44,33
14011,2,0,14,21
79637,2,4,39,37
85663,2,4,33,43
85991,0,2,23,12
79145,3,3,31,42
88436,1,0,17,9
12622,0,5,35,37
45911,2,3,32,38
85265,4,1,36,34
89617,1,4,26,44
82581,2,3,34,36
91416,3,2,36,34
81045,1,4,26,43
85035,1,4,31,36
89217,2,3,34,32
12076,2,0,20,12
42877,1,4,30,36
79678,2,3,23,42
15401,0,0,3,7
15404,0,0,7,4
15408,3,2,33,32
15488,0,5,24,41
89565,0,0,1,2
91103,2,3,31,33
13964,2,3,33,31
90442,0,3,20,22
93089,0,5,23,40
14776,1,4,25,37
88446,1,4,25,37
15797,1,1,16,12
23393,0,5,24,37
15707,2,3,29,32
90305,0,4,25,35
89017,0,4,25,35
92239,3,1,30,29
58413,3,1,35,24
14889,2,2,24,35
89269,1,3,28,30
76095,1,3,22,36
92614,0,4,21,37
59300,1,3,26,32
88873,0,4,19,38
92322,1,3,23,34
28804,3,1,27,29
89216,1,0,17,8
15980,2,2,29,27
89866,2,2,19,37
38093,0,4,17,39
90373,1,3,26,30
91152,0,4,16,39
12981,1,3,22,33
58819,1,3,19,35
80191,2,2,21,33
16087,1,3,16,37
12308,1,3,17,35
65541,0,4,21,31
85621,1,3,19,33
13983,1,2,31,16
80183,2,2,18,31
85675,1,0,11,11
76709,0,3,14,34
79906,2,1,29,18
16538,2,1,26,21
93429,2,1,17,29
79782,2,1,28,18
77357,1,2,16,30
69649,1,2,18,28
81696,2,1,24,22
84767,1,2,16,30
79698,0,3,14,31
14338,1,2,15,28
83621,1,2,16,27
88860,1,2,13,30
82303,1,2,20,23
14704,0,3,12,31
75341,1,2,15,27
65402,1,2,22,20
87541,1,2,15,27
81736,0,3,11,31
11891,2,1,22,20
13911,0,3,19,22
86996,1,2,17,23
16816,1,0,11,8
11403,0,3,14,26
13760,2,1,19,20
16851,2,1,19,20
12623,1,1,17,19
80539,0,0,12,7
91668,0,2,16,18
11786,0,2,12,22
84761,0,2,11,23
92402,0,2,11,22
75107,1,1,17,15
91849,0,2,12,19
12449,1,1,12,19
32803,1,1,21,10
24053,1,1,13,18
14295,0,2,12,19
80320,0,2,7,23
14714,1,1,11,18
90272,0,1,7,9
93132,0,2,13,14
36003,1,1,13,14
14939,0,2,9,17
18143,0,2,9,17
88664,0,2,10,16
13641,1,1,18,7
16431,1,1,10,15
90520,0,2,9,16
44329,0,1,7,17
12448,0,1,8,16
81677,1,0,11,12
32986,1,0,11,12
18420,1,0,8,13
18421,1,0,10,11
18428,0,1,7,13
90454,0,1,7,11
18592,0,1,8,10
18724,0,1,7,11
75591,0,1,8,9
79785,0,1,5,11
13949,1,0,4,12
90505,1,0,7,8
13447,0,1,3,11
17743,1,0,5,8
77649,0,1,4,9
77037,0,1,5,8
76795,0,1,5,8
91041,0,1,7,6
14579,0,0,3,9
16692,0,0,4,6
90664,0,0,3,5
19285,0,0,1,7
62498,0,0,2,6
90248,0,0,3,5
19286,0,0,2,6
76185,0,0,2,5
87445,0,0,4,3
61516,0,0,3,4
14763,0,0,1,3
15291,0,0,1,3
82515,0,0,1,2
19807,0,0,0,2
93436,0,0,0,1
20057,0,0,0,1
