,downYear,upYear,downMonth,upMonth,consecUp,consecDown,PosAftPos,PosAftNeg,NegAftPos,NegAftNeg
11199,7,6,85,74,5,6,33,41,41,43
10452,10,8,119,101,4,5,40,60,60,58
14904,12,31,220,302,7,8,182,120,120,99
11682,2,0,21,9,2,5,2,7,7,13
13688,26,67,445,671,15,7,417,253,254,191
11340,26,48,367,531,13,7,303,227,227,140
12183,16,28,247,283,7,8,158,125,124,122
14795,22,38,343,401,11,6,220,180,181,161
14154,16,19,212,227,8,6,115,111,112,99
10233,9,15,135,174,13,6,103,68,69,65
10153,17,15,205,208,12,6,105,101,101,102
10831,0,2,9,22,6,2,14,7,8,1
10364,31,42,388,497,10,8,269,228,227,160
13311,18,33,278,346,9,7,180,164,165,113
14859,20,35,305,360,9,13,201,159,158,146
10145,31,64,489,651,13,9,368,282,282,207
14250,23,30,308,357,13,9,192,163,162,145
13821,16,52,335,513,14,9,305,206,205,128
11666,11,16,162,167,5,6,81,85,85,77
12706,24,31,291,374,12,7,207,166,166,125
10495,18,25,240,292,12,5,155,136,136,103
14541,27,68,511,629,9,9,325,304,304,206
14568,7,6,81,85,6,5,42,42,42,38
12570,20,48,370,473,10,7,261,210,210,160
11287,10,12,125,156,8,13,90,65,64,60
10858,5,9,78,93,5,9,52,40,40,38
14736,17,58,392,517,9,6,289,228,228,163
12394,16,21,213,233,6,7,121,112,111,101
14066,16,34,288,334,7,6,172,160,160,128
11041,18,20,217,253,9,8,133,119,119,97
10225,22,66,447,613,10,9,351,261,261,186
12909,17,28,241,304,10,9,167,137,137,103
10575,14,28,218,293,10,8,169,124,124,93
14912,27,32,327,389,12,6,205,183,183,144
11754,27,57,448,571,10,8,327,244,243,204
11674,23,72,462,678,15,7,398,279,280,182
14605,9,6,92,95,7,6,40,55,54,37
10807,14,21,210,231,10,6,125,105,105,103
14955,6,9,89,98,6,6,49,48,48,41
13792,20,26,270,290,15,14,161,129,128,141
14496,19,38,309,386,10,8,222,164,163,145
15325,7,11,110,110,11,7,55,54,55,55
10890,30,38,383,459,11,7,257,200,201,182
12546,29,47,420,498,9,8,272,226,226,193
13434,20,22,232,273,10,7,163,110,110,121
13573,17,27,245,285,12,7,160,125,124,120
14058,9,13,127,143,7,5,77,65,66,61
10049,4,2,41,39,7,5,20,18,18,23
10372,21,34,310,371,10,9,204,167,165,143
13442,11,27,210,255,11,6,146,109,108,101
11404,25,70,465,675,12,9,408,266,267,198
12474,7,7,96,74,4,7,32,41,42,53
12060,27,60,490,570,12,13,316,252,253,237
15456,30,45,442,474,12,9,247,227,227,213
10137,19,41,322,406,14,6,228,176,176,146
11850,27,68,489,651,14,6,376,275,274,214
15341,16,26,231,278,8,8,151,127,126,104
12503,34,46,460,511,9,8,268,242,242,218
10786,31,43,435,464,10,9,247,217,217,217
16109,19,40,305,413,11,7,222,190,190,115
13565,8,10,122,118,10,5,51,66,65,56
10524,20,24,246,291,8,8,162,128,128,117
14218,18,41,315,407,14,10,245,160,160,155
12749,23,39,339,420,12,7,254,165,165,173
10241,22,40,327,427,11,5,251,175,176,150
13549,9,12,118,140,10,8,73,66,66,52
14322,27,52,406,544,15,5,308,236,236,169
14509,19,37,305,372,8,7,198,174,174,130
27561,19,21,247,244,7,6,124,120,119,127
15069,37,58,526,614,10,9,330,284,283,242
12810,9,6,106,81,6,6,34,47,46,59
11156,18,36,289,369,13,11,208,161,160,128
11826,10,20,175,204,8,12,108,95,95,78
14533,23,32,292,374,9,8,210,164,163,128
14090,24,36,326,399,14,8,228,170,170,156
10479,14,21,216,233,9,6,109,123,122,91
13522,12,30,231,287,9,7,155,130,131,100
10591,19,22,234,263,11,8,150,113,112,121
12079,32,51,457,544,14,13,319,224,225,232
13362,9,9,104,116,7,6,54,62,61,42
12933,11,8,132,111,5,9,49,61,58,69
15659,20,55,405,493,12,9,272,220,221,184
15720,27,68,448,687,12,10,426,261,260,187
15704,11,14,140,162,10,7,81,80,79,60
13696,8,12,115,159,16,7,95,63,62,50
16176,0,1,7,19,8,2,13,5,6,1
16432,34,57,507,590,18,8,320,269,269,238
10823,19,28,276,322,9,8,181,139,140,136
11260,29,40,390,450,13,10,251,198,198,192
21573,32,60,506,599,11,7,310,289,288,217
15042,9,13,133,154,9,5,75,77,78,55
17929,11,10,116,149,11,7,92,57,56,59
11789,9,8,103,109,8,6,55,54,53,49
17128,14,22,214,242,6,6,117,124,123,90
13143,13,28,235,276,9,8,149,127,125,107
19537,18,38,305,383,17,10,215,168,167,137
11148,7,15,127,164,7,5,90,74,72,53
12298,1,2,24,26,4,6,12,13,13,11
16707,12,28,221,272,10,6,153,118,119,102
17419,0,2,15,19,5,3,7,11,11,4
18542,24,51,394,524,10,7,298,224,225,169
19131,15,35,272,334,11,6,179,155,154,117
20853,17,41,286,424,12,5,255,169,168,117
12888,16,32,279,313,11,9,160,153,153,125
14875,5,10,86,101,11,7,54,47,47,38
17232,6,11,97,134,9,5,77,57,56,39
19203,9,5,87,100,8,6,50,49,50,36
13864,1,1,15,19,6,5,12,7,6,8
19596,20,32,270,365,9,7,212,152,152,118
18198,0,2,13,21,9,3,13,8,7,5
21020,27,36,358,417,10,7,234,181,182,176
17849,1,1,16,16,5,4,8,7,7,9
10196,1,1,14,18,12,7,13,5,4,9
19027,14,28,228,284,10,10,153,130,130,98
19385,12,11,144,147,8,10,77,70,69,74
13100,19,41,320,414,10,6,230,183,183,137
21776,26,50,373,546,18,6,329,217,216,156
18411,18,58,363,556,10,6,323,232,232,131
19019,11,19,181,210,8,7,110,98,99,82
11834,6,7,81,87,6,5,38,48,49,32
18868,1,1,11,21,4,4,13,7,7,4
21370,8,22,157,219,8,7,125,94,93,63
13207,5,2,61,53,5,6,25,28,26,33
22859,7,21,156,197,6,6,103,94,93,62
22947,9,30,199,292,10,6,162,129,128,70
23229,14,35,248,364,10,6,219,144,144,103
23210,6,22,157,191,10,5,101,90,89,67
23712,20,52,345,525,9,7,307,218,217,127
23931,13,58,333,525,11,6,331,193,194,139
23421,15,22,213,241,9,5,125,115,115,98
10970,10,19,158,197,11,6,110,87,87,70
18382,17,35,276,357,15,7,201,156,155,120
12730,5,24,147,215,9,4,123,92,91,55
15368,19,30,278,320,7,9,168,152,151,126
23317,14,35,282,320,10,9,162,158,158,123
24061,3,11,71,112,7,7,70,41,41,30
24109,17,52,347,485,13,7,279,206,206,140
23130,9,15,144,167,10,8,90,76,75,68
23587,7,8,99,96,7,8,48,48,48,50
23675,3,1,37,23,4,7,9,13,14,23
22402,5,11,109,109,12,8,54,54,53,55
22680,14,31,266,288,7,6,154,133,134,132
20626,22,40,340,421,12,9,229,191,191,149
11367,6,7,70,102,9,4,59,42,42,28
24627,6,16,151,144,7,10,70,73,73,77
23296,3,6,52,70,10,7,42,28,27,24
22541,7,16,139,174,8,6,105,67,68,71
13610,7,10,103,112,8,7,54,57,57,46
20810,0,0,5,4,3,4,2,1,2,3
21290,3,4,45,64,6,4,36,26,26,19
18585,0,2,16,29,8,3,19,9,9,7
14613,2,4,44,41,5,8,23,17,17,27
23464,9,14,150,146,14,9,73,72,73,77
11391,2,8,54,76,11,6,43,32,32,22
20570,10,18,162,187,7,6,104,82,82,80
21872,0,0,4,1,1,4,0,0,1,3
22496,6,12,116,134,7,5,70,63,62,53
15085,0,0,8,5,3,5,2,3,2,5
22891,8,25,190,241,10,8,133,106,106,84
15472,12,38,270,349,7,7,192,156,157,113
12466,9,11,120,137,8,7,68,68,68,52
12431,19,42,319,431,10,6,242,187,188,131
25785,27,36,363,403,10,8,224,179,179,183
22875,1,3,27,32,5,4,18,14,14,12
12124,6,9,86,110,13,5,62,46,48,38
21055,15,21,216,235,8,8,122,112,113,103
20976,8,10,123,109,6,6,50,59,58,64
10735,3,7,53,77,10,4,41,35,35,18
15464,4,5,61,67,5,8,35,31,32,29
17582,1,4,37,40,7,5,19,21,21,15
17144,14,42,292,403,11,6,233,170,169,121
24707,7,19,147,177,8,7,95,81,81,66
19107,1,5,33,50,6,4,27,22,23,10
10559,9,19,152,203,11,6,119,83,84,68
19211,7,3,67,73,4,4,32,40,40,27
23907,3,3,39,44,5,5,22,22,21,17
19430,3,12,81,113,9,7,69,43,44,37
15149,1,4,50,48,4,13,23,24,24,25
11439,2,6,55,59,5,5,27,31,31,24
20554,0,0,5,8,4,4,6,1,2,3
10778,0,0,2,16,8,1,13,2,2,0
18163,11,52,324,442,8,7,258,183,183,141
10604,11,31,229,288,11,10,166,121,121,108
11447,9,17,146,185,8,5,98,87,86,59
21901,4,3,49,45,5,6,19,25,26,23
17005,16,47,330,436,10,9,246,189,189,141
15843,6,9,100,94,5,8,48,45,46,54
19940,5,17,116,160,11,5,89,69,70,46
10030,2,8,57,84,10,5,46,37,37,20
24141,8,19,148,190,8,7,104,85,86,62
23720,6,12,109,122,5,5,63,58,57,51
12095,13,27,224,275,7,8,155,119,120,104
23018,6,10,106,105,8,7,53,51,51,55
20108,0,0,1,2,2,1,1,0,1,0
18112,14,28,239,275,10,9,153,121,122,117
22461,6,6,76,81,7,6,43,37,37,39
17013,2,5,40,64,10,5,40,23,23,17
21768,12,14,143,183,11,6,97,84,86,57
11092,9,9,113,114,8,9,57,56,56,57
20407,10,15,147,170,7,8,89,80,80,67
19916,10,32,230,295,8,8,166,129,129,100
19828,5,4,61,66,5,7,32,33,33,27
20124,14,31,223,329,12,10,201,127,127,96
12511,10,21,192,210,10,6,100,108,109,83
22007,5,16,124,142,6,6,76,66,65,58
23173,0,0,2,7,4,1,5,2,1,0
17478,14,49,307,459,14,8,287,172,172,134
22509,17,46,322,444,9,9,257,186,187,135
16870,10,30,208,287,11,8,171,115,116,92
24184,14,30,238,301,19,9,178,123,122,115
19617,9,9,113,119,7,8,63,56,55,57
22429,8,7,106,88,4,6,40,47,48,58
21936,18,45,332,434,11,6,247,186,187,145
12343,6,5,72,93,10,10,62,30,29,42
16678,21,42,337,429,10,7,253,175,176,161
24635,14,16,181,198,11,8,102,96,95,85
19684,3,8,64,85,10,5,50,34,35,29
23886,8,7,95,98,8,9,50,47,46,48
14664,2,6,54,57,9,8,33,23,23,31
17750,16,47,335,431,11,11,242,188,189,146
21995,1,5,43,53,7,5,27,24,25,18
17806,17,32,264,336,10,11,192,143,143,121
17291,11,17,153,203,7,10,123,80,79,73
22330,6,5,71,72,8,11,37,34,34,37
11068,6,6,80,81,7,8,41,40,39,40
23683,8,9,111,107,16,8,52,54,54,57
25320,20,43,325,441,8,5,240,200,201,124
11375,1,5,43,56,9,7,32,23,24,18
22023,13,21,212,211,9,7,107,103,104,107
12757,3,2,45,36,7,6,15,20,21,24
23851,11,31,220,299,8,5,165,133,134,86
25005,13,25,215,259,7,7,138,120,120,95
17558,7,14,123,145,10,7,85,59,60,63
15835,2,8,62,74,6,4,35,38,38,24
17646,10,13,133,157,10,5,82,75,73,58
20239,10,15,153,168,8,8,81,86,86,67
22699,2,5,47,52,8,5,26,25,26,21
22082,12,27,204,279,8,7,153,125,125,79
17881,1,3,33,36,5,5,18,18,17,15
14867,4,4,66,52,6,6,23,28,29,36
21186,20,43,355,411,10,9,208,203,202,152
23747,0,0,2,3,3,2,2,0,1,1
14779,1,4,34,36,4,5,16,20,20,13
13354,10,25,210,229,11,8,120,108,109,101
12781,8,10,103,129,9,6,69,59,59,44
23528,4,7,62,81,8,6,48,32,32,30
24555,7,17,141,165,9,7,86,78,77,63
24811,16,26,247,276,10,6,152,124,124,122
25646,4,10,83,120,8,5,68,50,51,32
15667,12,39,255,376,14,9,220,155,155,100
19895,15,29,261,277,7,7,130,147,147,113
24088,10,8,111,121,8,6,64,56,57,54
21530,4,8,79,78,11,6,40,37,38,41
20204,15,31,252,321,9,9,177,143,143,109
11981,6,8,91,95,6,7,49,45,45,46
15237,8,6,90,88,8,5,44,43,43,47
10866,12,26,210,261,10,7,143,118,117,91
24096,6,10,101,130,10,7,71,58,57,43
13661,10,19,162,198,9,7,109,88,89,73
13290,7,14,120,146,7,5,74,71,72,48
17603,0,2,19,24,5,5,11,12,12,7
14525,11,17,165,189,8,7,105,83,83,82
24176,2,6,48,67,8,3,34,32,32,16
21151,1,1,19,26,6,3,14,12,11,7
19254,14,26,219,279,12,7,166,112,113,106
12490,21,42,350,416,10,8,235,180,180,170
12052,22,41,335,431,8,6,235,196,196,138
18980,9,9,123,109,12,9,59,49,49,74
11690,10,19,162,202,7,8,112,88,88,74
21549,0,5,30,48,8,4,27,20,20,10
12191,3,7,54,76,9,5,41,35,34,19
22015,2,1,30,17,2,5,2,15,14,15
11762,17,46,323,443,9,6,257,185,186,137
16600,13,50,320,446,10,7,253,192,192,128
23077,12,43,279,396,10,6,221,175,175,103
25689,6,8,92,94,8,14,51,43,43,48
17099,0,3,22,29,5,7,16,13,12,9
16731,8,11,125,122,5,9,58,64,64,60
20730,10,27,204,260,14,5,153,106,106,98
16723,3,7,55,85,10,6,49,35,35,20
10276,6,9,90,101,12,11,60,40,41,49
22074,3,4,51,48,7,7,22,26,25,25
17742,0,2,14,21,5,3,13,7,8,6
18315,13,11,151,155,8,9,78,76,76,75
21557,12,17,175,188,13,6,101,87,87,87
15528,1,6,38,61,8,3,33,27,28,10
10989,9,33,215,308,11,5,175,132,132,83
16803,8,19,141,197,8,7,115,81,81,60
15819,2,8,57,81,8,8,47,33,33,24
20714,3,3,38,45,5,3,19,25,25,13
11949,9,6,99,95,10,8,44,50,51,48
24459,21,38,322,398,11,6,225,172,173,149
13303,15,21,219,223,15,8,119,103,104,115
11658,6,15,121,142,8,8,79,62,62,59
21645,2,5,43,52,7,6,27,25,24,18
14189,8,18,152,176,9,8,101,74,75,77
20431,6,5,67,80,7,9,47,32,33,34
19756,8,10,123,103,7,6,40,63,62,60
19772,3,5,53,57,6,5,26,30,30,23
14357,7,20,146,193,9,6,103,89,89,57
24619,0,2,20,25,7,7,15,10,9,10
21434,5,5,67,71,7,6,33,37,38,29
13012,5,8,74,103,8,5,60,43,42,31
24221,17,37,268,392,11,6,224,168,168,99
15915,12,7,137,104,6,7,38,66,66,70
13856,11,52,305,461,10,7,283,177,177,128
19377,10,30,204,292,12,6,178,113,113,91
14891,15,32,252,329,12,5,184,144,145,107
19561,18,45,337,429,9,6,241,187,187,150
12212,2,0,27,18,3,6,8,10,10,16
13274,1,5,33,49,10,10,36,13,12,20
15157,1,9,54,83,9,5,51,31,31,23
25136,0,0,3,4,3,3,2,1,1,2
16686,2,8,58,78,7,5,43,34,34,24
12976,9,19,136,216,9,6,135,80,80,56
24264,16,28,259,285,8,7,142,142,143,116
16205,4,5,58,69,5,5,37,31,31,27
12618,0,0,1,2,1,1,0,1,1,0
16571,9,27,195,258,13,6,145,112,112,83
12220,0,0,9,6,3,5,2,4,3,5
15544,6,6,90,73,6,6,31,40,41,49
28281,0,3,21,36,8,2,19,16,17,4
23050,7,17,141,163,9,6,89,74,73,67
10057,13,21,224,200,6,10,87,113,113,110
15966,10,31,212,301,10,6,172,128,128,84
21784,1,1,16,21,7,5,11,9,10,6
18032,12,25,202,263,7,5,146,117,116,85
13389,0,0,6,7,3,3,3,3,4,2
13370,6,4,73,82,5,7,42,40,38,33
10292,0,4,26,40,11,3,20,19,20,6
10321,15,14,182,183,10,6,95,87,87,95
14488,4,5,61,63,6,8,31,32,31,29
22488,9,7,103,102,5,7,49,53,52,50
18729,17,46,313,453,11,5,264,188,189,124
17304,9,19,154,203,14,6,122,80,81,73
22306,3,4,41,62,8,3,34,28,27,13
22381,2,3,31,47,7,4,27,19,19,12
21231,6,12,98,134,15,6,83,50,51,47
14816,0,0,2,3,2,2,1,1,1,1
25187,0,3,24,31,8,5,20,10,11,13
19350,20,43,329,437,9,11,260,176,176,153
11359,0,4,30,29,4,6,12,17,16,13
25013,13,38,272,360,9,10,195,164,164,108
17689,3,3,42,40,3,7,18,21,21,21
13004,2,1,28,19,3,5,6,13,12,15
18171,0,1,5,20,5,2,15,4,4,1
11703,16,43,321,405,10,9,224,180,180,141
21979,14,37,277,365,10,8,202,162,163,112
11543,6,7,81,92,9,8,50,42,42,38
12319,18,25,251,286,8,10,151,134,135,116
19844,2,7,54,68,6,4,32,35,36,18
17830,20,43,335,431,9,7,248,183,183,151
23325,10,16,160,172,8,8,83,88,88,72
25232,17,36,296,367,10,5,203,162,163,133
16256,2,5,51,54,6,6,25,29,29,21
24336,6,12,107,121,9,6,70,51,50,56
17486,2,1,20,32,6,6,18,13,13,7
25611,0,8,55,78,6,4,41,35,36,19
25267,12,32,217,327,12,7,195,131,131,86
19836,2,1,22,29,8,4,16,12,12,10
17654,2,7,54,72,7,7,39,32,32,22
17312,3,3,47,43,4,7,18,24,24,23
17216,0,2,16,24,7,3,14,10,9,6
24678,10,32,217,302,9,7,164,137,137,80
13063,8,10,101,131,10,5,71,59,59,42
21688,0,1,9,14,9,5,9,4,4,5
18147,15,26,223,282,8,7,158,124,123,99
25195,11,7,122,112,12,7,59,53,53,68
18569,10,20,162,212,7,6,121,91,90,71
12140,20,34,296,368,15,10,215,152,152,144
20984,15,18,206,200,9,8,98,102,102,103
24504,2,8,51,85,11,4,49,35,35,16
18884,8,16,131,172,7,7,92,79,79,52
18278,11,21,186,219,7,8,123,95,96,90
19334,12,10,129,153,8,6,89,63,63,66
10161,15,20,206,234,7,8,114,119,119,87
20167,12,10,135,139,8,7,69,69,69,66
12837,9,13,124,156,8,8,86,68,69,55
10487,10,18,149,201,7,6,113,87,87,62
18091,3,9,82,75,8,7,36,39,39,42
25072,6,12,101,131,8,6,75,55,55,46
14429,2,9,66,78,7,5,36,41,42,24
20562,11,26,210,246,7,6,131,115,114,95
21303,6,20,137,191,13,7,109,81,81,56
11770,2,3,29,46,5,4,25,20,20,9
12626,8,18,150,182,7,7,101,80,80,70
14832,1,1,23,20,6,4,9,11,11,11
11471,7,16,127,168,11,7,103,64,65,62
18999,12,19,170,223,11,9,130,93,92,77
19393,16,47,325,441,10,5,244,196,196,129
19270,3,6,53,68,6,6,40,28,28,24
20036,3,6,58,61,5,6,31,29,29,29
16619,10,6,90,115,10,6,65,49,49,41
18825,6,12,106,120,6,4,59,61,60,45
21522,9,19,169,186,9,6,100,85,86,83
12458,20,20,236,260,9,7,125,134,135,101
19713,9,17,147,182,7,5,97,85,84,62
12044,4,8,74,85,13,6,49,35,36,38
18403,19,36,308,373,12,11,211,161,161,147
17056,3,2,37,33,6,6,18,15,15,21
20263,10,17,151,187,11,6,101,85,85,66
22787,5,7,76,80,7,5,38,41,41,35
15763,12,15,167,176,7,8,88,87,87,80
17953,8,20,146,203,10,5,121,81,81,65
20386,8,18,141,184,7,8,102,81,81,60
19932,3,7,57,80,7,5,47,32,33,24
25371,17,21,210,258,10,7,138,119,120,90
22808,3,7,60,70,8,6,36,33,33,27
25056,15,24,216,269,9,8,154,114,114,102
17590,8,21,161,203,7,8,114,88,88,73
22293,22,39,340,425,8,6,233,190,192,148
23499,4,21,130,191,8,4,119,71,71,59
22592,19,44,323,443,10,5,252,190,190,133
21426,1,2,28,29,7,6,14,14,14,14
19625,1,2,26,25,4,4,12,12,12,14
19238,11,16,168,169,7,10,84,84,85,83
14760,7,13,139,136,6,10,67,69,67,70
17398,0,4,26,35,6,4,18,16,17,9
13901,10,53,289,477,9,6,296,180,180,109
22752,16,47,313,453,13,6,265,187,187,126
20001,4,8,83,81,5,8,39,41,41,42
17566,16,24,242,258,7,9,121,136,137,105
15165,1,4,38,43,10,6,23,19,20,18
86239,6,8,89,89,6,6,46,42,43,46
13805,2,5,47,52,11,8,27,24,24,23
11607,21,27,247,340,10,7,192,147,148,98
24037,9,15,139,159,6,6,80,79,79,59
22648,6,20,133,189,13,6,115,72,72,61
19887,9,15,139,167,9,6,85,81,80,58
25128,2,5,42,52,8,4,26,26,25,16
25697,7,13,124,147,6,8,81,66,65,57
18921,16,26,251,267,9,8,131,136,136,114
15974,2,8,66,72,8,6,34,38,38,27
12669,8,9,111,112,10,8,58,53,54,57
18550,11,19,166,208,11,7,112,95,96,70
20677,9,20,161,205,9,9,116,89,88,72
21514,15,26,230,281,8,7,151,130,129,100
20298,1,5,38,48,6,5,27,20,20,18
11308,13,50,299,467,15,7,282,184,184,115
21346,10,10,137,122,8,9,57,64,65,72
16598,7,16,126,164,10,7,92,71,71,55
22621,0,1,11,17,7,4,11,5,5,6
23894,8,9,109,116,8,9,63,52,52,57
20095,8,10,115,122,6,6,62,60,60,54
18446,13,24,218,240,10,6,127,113,112,105
13637,9,9,101,124,6,7,70,52,52,49
20650,0,0,9,3,1,5,0,2,3,6
15448,2,7,47,75,7,5,43,31,31,16
19510,7,7,87,99,6,6,52,46,46,41
23819,21,42,348,418,12,8,242,176,175,172
18681,20,22,230,308,7,6,177,129,131,99
24002,7,11,109,123,5,5,64,58,58,51
21004,10,32,220,300,8,7,176,123,124,96
19174,6,7,77,96,14,5,56,39,39,38
10006,9,17,146,181,7,6,100,80,80,66
19764,4,6,72,82,7,5,44,36,37,35
16758,8,13,126,136,8,7,73,63,62,63
19553,9,32,212,290,9,5,160,130,129,82
13928,14,49,328,438,11,5,245,193,192,135
10401,15,32,257,327,18,5,176,150,150,107
24942,18,44,317,440,12,7,246,193,194,123
10751,10,15,142,169,7,5,84,85,84,57
23165,0,2,16,20,9,5,11,8,9,7
22242,3,5,50,60,9,5,35,25,24,25
23448,8,17,142,172,5,6,92,79,79,63
14314,0,0,7,8,3,2,3,5,5,1
10727,7,5,78,81,8,5,42,39,39,38
18841,3,7,67,66,10,7,34,32,31,35
14277,22,37,316,413,10,8,233,178,178,138
16651,12,17,190,179,8,10,90,89,88,101
10436,5,8,86,85,13,5,43,41,42,44
17515,4,6,64,70,5,4,33,36,36,28
23237,5,7,79,86,7,7,41,44,45,34
12167,9,8,103,122,10,8,64,57,58,45
17726,11,31,230,295,11,7,176,119,119,110
21418,4,6,61,77,7,7,42,35,34,26
19668,2,5,37,57,7,5,35,21,21,16
16969,5,12,107,115,10,11,65,50,50,56
21821,11,31,216,298,7,11,159,139,138,77
22760,10,20,176,200,8,8,112,87,88,88
18366,1,2,25,29,4,3,12,17,16,8
15499,4,7,75,71,5,12,40,30,31,44
18948,11,27,204,272,11,8,148,123,122,81
23384,3,4,54,42,3,7,19,23,22,31
10516,17,34,284,347,8,8,186,159,160,124
18016,19,31,290,330,7,11,183,146,147,143
25582,12,23,195,258,7,5,137,119,121,73
18067,16,21,224,241,12,10,134,106,107,117
17048,2,7,49,75,9,6,45,30,29,19
15536,3,7,58,72,11,6,44,28,27,30
13135,2,4,34,48,8,4,28,19,19,15
12896,4,6,60,81,15,4,45,36,35,24
24328,8,19,167,184,9,8,92,90,91,76
16926,1,3,21,37,7,4,23,13,13,8
24643,25,38,349,417,12,7,225,191,191,158
17718,3,7,69,63,8,7,27,35,36,33
21119,12,17,171,190,8,6,101,88,88,82
11295,8,20,147,199,13,6,110,88,88,59
19967,3,1,39,28,4,5,10,18,18,20
21178,19,34,275,388,16,10,229,157,158,117
19692,14,28,239,285,9,10,164,120,121,118
17451,2,7,61,62,4,5,28,33,33,28
13151,0,2,17,22,5,3,11,10,11,6
24539,9,34,220,313,9,7,186,126,127,93
19297,8,16,143,160,10,7,88,71,72,71
14883,10,31,230,276,9,8,144,132,131,98
23341,10,26,199,251,12,5,138,112,112,87
20482,15,48,308,457,9,5,275,180,180,128
19959,0,0,8,5,1,3,0,5,4,3
25662,9,15,139,167,12,8,91,76,75,63
20511,4,3,49,44,6,5,19,24,25,23
24010,18,45,324,442,14,5,251,191,191,132
11527,3,7,61,77,12,5,42,35,34,26
12941,4,5,57,65,6,8,34,31,31,25
15480,2,3,38,41,9,5,23,17,18,20
14592,8,22,159,212,8,6,115,96,96,63
18454,0,3,17,36,8,4,25,10,10,7
22728,9,18,167,177,8,4,82,94,94,73
28513,3,8,61,85,6,9,47,37,37,24
23456,3,7,57,73,9,7,40,33,32,24
24803,16,30,258,314,11,8,170,142,142,116
11164,8,20,168,189,8,7,102,86,87,81
24854,7,13,116,136,7,7,73,61,62,54
20079,10,23,176,234,10,6,137,96,96,80
24571,7,17,138,170,8,6,89,80,80,57
17064,2,1,30,19,3,7,4,14,15,15
10102,9,8,109,106,6,7,52,53,53,56
10209,2,3,34,45,7,5,26,18,19,15
24563,8,41,270,337,9,5,179,157,157,113
22779,20,43,341,425,10,7,245,179,180,161
24993,3,3,42,41,6,7,22,18,18,24
16344,1,7,43,68,7,5,40,27,28,15
20503,2,5,50,49,6,5,26,22,22,28
23026,17,46,299,463,9,7,271,191,191,108
18649,14,24,206,256,11,7,133,123,122,83
22170,0,1,13,17,4,5,9,7,6,6
20896,9,16,139,171,7,6,93,78,77,60
19879,11,9,122,124,11,7,68,56,56,65
18374,12,28,223,280,8,7,155,125,124,98
23536,6,30,182,275,6,5,157,117,117,64
14699,0,0,0,1,1,0,0,0,0,0
20992,8,8,109,93,8,9,46,47,47,61
26366,8,9,93,124,9,5,70,53,53,40
20909,10,17,154,188,6,8,94,93,93,61
21266,3,5,49,62,7,4,34,28,28,20
21194,9,8,104,115,7,5,56,58,58,46
15317,3,4,45,57,9,4,32,24,24,21
25179,1,1,10,21,7,2,14,6,6,4
22218,6,8,104,99,8,14,46,52,52,51
12650,10,14,150,174,8,6,84,88,87,62
21469,4,3,49,53,8,7,29,24,23,25
22410,8,11,121,142,7,7,71,69,69,52
21223,0,0,5,13,4,2,8,4,4,1
18331,8,11,110,125,10,7,64,60,60,50
26657,19,21,242,257,7,7,136,121,121,120
15579,20,41,330,412,12,6,228,183,183,147
26294,13,16,178,194,8,7,102,91,91,86
25419,18,43,327,414,9,6,225,188,189,138
25670,0,0,11,8,3,6,3,4,4,7
26446,7,3,73,64,4,6,24,39,39,34
26323,3,4,39,55,7,4,31,24,23,15
24387,1,3,32,32,4,6,18,14,14,17
23616,0,0,7,12,4,3,7,4,4,3
14728,1,1,16,23,4,3,11,12,11,4
25742,0,0,1,7,7,1,6,1,0,0
27158,3,6,52,65,5,4,35,29,30,22
27473,11,16,167,163,6,7,82,80,80,87
16424,13,31,202,338,9,7,210,127,127,75
25339,3,2,41,22,3,10,8,13,13,28
25910,12,21,180,223,7,10,126,96,96,84
13119,20,25,255,289,7,7,161,127,127,128
22533,7,11,93,130,8,6,79,50,50,43
27027,9,18,144,191,11,6,108,82,83,61
26921,9,5,89,87,5,7,42,43,44,45
27537,2,4,30,49,8,4,31,17,18,12
21709,8,14,130,155,13,10,87,67,67,63
25574,9,13,122,155,6,7,88,66,66,56
27465,5,5,65,74,6,8,37,37,36,28
27182,2,1,32,20,4,7,8,11,12,20
26825,16,43,307,410,9,5,220,190,190,116
11033,1,5,39,44,6,5,23,21,20,18
23878,3,3,38,44,6,5,21,23,22,15
18390,3,3,42,47,8,5,26,21,21,20
27836,8,4,77,76,5,6,38,37,38,39
27510,6,13,115,125,7,10,62,63,62,52
27916,2,4,39,42,7,4,20,22,21,17
28003,6,10,87,112,6,7,64,48,47,39
20415,8,9,132,120,8,9,58,59,61,70
27617,1,1,16,10,2,5,3,7,7,8
28310,8,31,208,278,11,8,164,114,114,93
28134,10,14,130,173,12,4,96,76,76,54
24889,1,4,33,38,5,5,21,17,16,16
23253,8,10,118,128,7,5,72,55,55,62
68523,1,2,35,21,4,10,8,13,13,21
28118,13,24,217,241,7,9,125,116,116,100
28484,23,26,284,325,12,9,176,149,147,135
38404,1,2,20,24,4,3,12,11,11,9
28548,5,19,132,168,8,6,89,78,78,54
26737,4,10,89,108,6,8,59,49,48,39
26120,6,13,107,135,11,5,72,62,62,45
23552,13,17,183,192,9,8,99,92,92,91
22920,4,5,66,56,5,10,21,34,35,31
23288,0,0,5,11,3,1,6,5,4,0
25718,9,9,110,117,7,6,57,58,58,51
14402,6,9,87,103,11,5,62,40,40,47
38973,7,27,175,241,10,5,136,104,104,70
39263,3,6,61,56,7,9,30,26,26,34
11746,4,5,58,67,5,5,34,33,33,24
26622,9,16,136,173,10,8,99,73,74,62
28580,5,15,100,149,11,9,95,54,54,45
25515,5,6,77,70,6,7,36,34,34,42
27983,22,35,324,364,8,8,193,171,170,153
22365,0,1,4,12,7,2,9,2,3,1
23579,13,35,245,340,9,9,197,142,141,103
28353,8,29,178,278,11,7,164,113,113,65
39917,17,39,310,374,10,6,203,171,170,139
26438,14,21,208,235,10,8,121,114,114,93
21338,4,4,62,56,4,8,22,33,34,28
25478,10,12,127,156,8,5,90,65,65,62
23915,15,25,241,261,9,7,134,126,126,115
39626,6,9,95,99,7,6,51,47,48,47
19166,16,32,265,327,8,7,175,152,151,112
40010,6,14,116,143,6,5,73,69,69,47
36468,12,44,299,381,12,8,213,167,168,131
40483,9,27,189,251,8,9,151,99,100,89
40758,1,2,19,29,5,7,19,9,10,9
40301,7,15,135,144,8,5,77,67,66,68
22103,11,44,296,376,9,6,206,169,169,127
27174,8,10,107,130,8,6,74,55,55,52
23800,5,5,70,73,9,6,38,34,34,36
38914,14,19,203,223,16,10,123,99,100,102
41080,22,33,310,362,11,10,197,164,165,145
25902,4,3,54,46,6,5,24,22,21,32
41515,3,1,34,28,4,6,13,15,15,18
40790,6,8,90,96,8,8,46,49,49,41
27000,4,6,63,70,7,6,36,34,33,29
27115,11,20,171,214,10,6,120,94,93,77
27297,6,11,97,120,6,8,70,49,48,48
41953,6,3,65,51,8,8,25,26,25,39
28177,3,4,50,45,6,8,26,19,19,30
28265,3,4,48,47,6,5,22,25,25,22
26729,11,20,180,202,6,8,103,98,98,82
27342,4,11,85,104,10,5,54,49,49,36
25873,7,11,103,124,6,7,71,52,52,51
42323,3,4,52,39,5,6,22,16,17,35
40635,7,22,160,190,8,5,96,93,93,67
34040,16,13,179,185,7,6,98,86,86,93
34550,2,1,26,21,3,6,8,13,12,13
29911,7,6,87,86,5,8,45,41,40,46
39992,8,7,95,99,7,8,50,49,48,46
26155,4,5,54,62,4,5,28,32,32,22
26075,11,22,191,219,9,7,117,101,101,90
27043,6,14,119,144,6,8,74,70,69,48
30330,6,23,156,196,9,6,106,89,89,67
20474,5,2,54,37,3,5,10,27,26,27
24985,13,25,202,263,9,8,147,113,114,88
25144,4,5,58,57,4,10,26,30,30,28
26788,7,9,100,102,6,6,51,51,50,49
27940,7,15,118,150,10,6,81,69,68,49
21928,4,5,54,61,7,7,35,25,26,28
22613,5,5,66,70,5,6,34,35,34,31
40061,14,25,217,272,9,9,158,113,113,104
21274,11,15,148,176,10,9,96,79,79,69
27051,6,25,162,222,9,5,126,95,95,67
25988,5,12,97,125,9,5,74,50,50,47
27852,3,2,32,37,4,3,16,21,20,11
27879,4,1,37,33,4,6,15,17,18,19
28505,8,11,107,130,8,6,70,60,59,47
40416,19,28,251,323,11,9,181,142,141,109
44062,8,24,169,233,11,4,129,104,103,65
31763,8,8,100,105,5,7,49,55,55,45
27086,8,14,128,153,11,7,85,67,67,61
40854,5,12,96,121,10,6,70,51,50,45
43609,4,7,71,67,5,7,33,34,33,36
17267,4,5,52,66,5,5,36,29,30,22
40723,8,9,103,108,8,6,56,51,51,52
42569,2,0,20,12,3,4,3,8,8,12
16280,2,3,39,35,8,6,17,17,17,22
19414,7,9,91,105,9,9,58,47,46,44
45081,8,6,83,92,8,5,43,49,48,34
11332,2,2,30,31,4,6,16,13,13,17
43094,0,0,6,6,3,3,4,2,2,3
23480,0,0,2,4,4,2,3,1,0,1
27596,10,18,160,197,7,4,100,97,96,62
44505,6,7,84,91,5,7,49,42,41,42
45620,7,2,61,58,6,9,29,28,28,32
26112,18,18,222,228,8,8,118,110,110,111
45604,0,8,43,80,6,4,51,28,28,14
28089,1,0,14,10,2,4,2,8,7,6
42606,12,11,142,149,8,8,84,65,65,76
17961,11,21,172,224,12,5,122,102,102,69
42796,12,30,220,292,9,6,165,126,126,94
41785,2,3,38,31,7,6,14,16,16,22
27924,8,14,131,151,7,6,75,75,75,56
24651,4,3,57,40,5,8,17,23,22,34
40432,2,0,15,16,5,6,10,6,5,9
20343,8,11,114,123,12,6,66,57,56,57
42075,5,1,50,39,7,5,19,20,19,30
45663,4,5,56,62,7,8,33,29,28,27
43633,0,0,4,5,3,2,2,2,2,2
43203,4,6,63,62,5,7,34,27,28,35
45225,2,1,27,22,6,5,10,12,11,15
28994,1,0,12,10,4,3,4,6,6,5
26649,10,10,112,140,8,5,78,61,61,51
29962,4,1,41,34,6,8,18,15,15,25
39271,7,8,93,102,11,5,55,46,46,47
39458,5,5,66,58,6,9,29,28,28,38
27238,5,1,52,35,7,8,14,21,21,30
46682,4,10,88,95,8,6,47,47,47,41
22939,0,0,3,4,3,3,2,1,1,2
33873,6,6,78,70,6,10,35,34,34,44
34024,4,10,76,102,7,7,55,46,46,30
16029,6,7,78,90,6,5,43,46,46,32
46252,5,7,69,83,10,5,42,40,41,28
33814,11,16,150,195,11,5,107,87,87,63
46578,9,42,255,369,11,5,225,144,144,110
39896,3,8,73,80,7,9,46,34,33,39
47386,0,2,19,23,10,4,15,8,7,11
14656,17,25,233,290,7,7,149,140,141,92
21207,22,29,296,324,7,5,160,163,163,133
26569,4,4,58,56,5,6,30,26,25,32
48725,13,38,258,359,9,8,208,150,150,108
22568,11,7,120,110,6,5,53,56,56,64
22138,1,4,35,41,5,4,22,19,19,15
38324,4,7,70,81,6,5,42,38,38,32
49592,3,2,42,34,4,7,11,22,22,20
47562,4,1,52,24,4,11,10,14,13,38
21397,10,19,177,185,10,6,93,92,91,85
38930,2,1,26,24,6,4,13,11,10,15
32141,4,3,54,48,7,6,28,20,19,34
45428,9,6,90,99,6,5,48,51,51,38
42024,15,22,222,236,6,7,120,116,115,106
50227,12,27,210,268,12,6,152,116,115,94
48549,5,8,76,100,10,6,60,40,40,35
23309,8,28,197,253,7,6,140,113,112,84
33312,5,14,115,130,11,6,69,60,60,54
39669,5,14,104,134,12,9,84,50,50,53
49744,9,21,184,191,9,6,94,97,96,87
17435,6,7,84,84,6,9,42,42,42,41
14461,3,2,40,40,4,3,15,25,24,15
26462,2,4,36,46,6,3,23,22,21,14
46703,10,25,215,231,9,7,121,109,108,106
38455,5,4,56,64,6,4,35,29,28,27
43449,12,38,241,366,11,6,230,135,136,105
47482,0,0,7,6,2,3,2,4,3,3
22189,2,3,32,39,10,5,23,15,15,17
41160,2,4,37,39,5,5,20,19,19,17
50876,15,35,261,341,13,6,188,152,152,109
48258,3,2,32,35,6,7,19,15,16,16
51799,4,5,58,65,7,5,36,28,28,30
42083,11,23,198,230,8,8,122,108,107,90
27748,0,0,8,7,2,2,3,4,4,3
49955,4,2,46,42,4,4,17,24,24,22
49920,6,4,62,65,7,8,31,34,33,28
46447,4,7,72,72,6,7,36,34,35,37
26534,5,6,66,71,7,4,41,29,29,37
45014,9,8,109,107,7,7,54,52,53,56
46228,9,7,110,101,7,7,50,50,50,60
15747,5,15,126,132,8,8,69,62,62,64
54009,0,0,4,3,2,2,1,2,1,2
39335,3,7,59,76,8,4,40,36,36,22
39538,13,24,225,246,9,7,121,124,125,99
27887,14,34,244,336,10,11,191,144,144,100
48434,5,4,53,66,8,9,39,27,26,26
43510,5,6,71,73,6,8,37,36,35,35
47052,2,8,57,78,6,4,43,34,35,22
27190,5,7,75,83,7,6,42,40,40,35
25590,2,1,20,26,6,5,14,11,11,9
39642,15,33,249,331,9,6,176,155,154,94
42526,4,8,62,86,6,6,53,32,32,30
46391,2,2,35,32,5,4,14,16,17,18
39087,12,21,191,232,9,9,141,89,91,100
15560,15,22,206,254,8,7,151,103,103,102
16336,2,6,55,59,8,7,32,26,26,28
20394,9,13,143,140,6,7,68,72,72,70
21282,0,2,16,24,8,2,12,11,11,5
39765,9,13,120,156,12,5,95,61,61,58
10874,13,21,191,232,7,7,132,100,100,90
51801,1,1,17,21,4,4,10,10,10,7
56266,7,17,144,161,6,7,86,75,74,69
42091,1,0,16,8,3,6,3,5,4,10
56485,8,5,71,96,9,8,57,39,38,32
49680,6,17,121,172,13,7,102,69,70,50
50681,1,1,20,18,2,3,4,14,13,6
50403,1,0,14,9,3,4,4,5,4,9
22111,13,34,239,333,10,9,196,137,136,102
51027,2,0,26,12,4,12,4,8,7,18
56864,2,4,40,63,11,5,39,23,23,16
40352,9,8,101,109,6,5,54,55,55,45
46201,1,2,23,20,4,5,10,10,9,13
31536,8,16,128,168,8,7,96,72,71,56
46674,10,37,248,318,10,8,172,146,145,102
50534,1,4,35,47,6,5,24,23,22,12
46295,11,14,140,168,9,8,102,66,66,73
38885,2,2,29,31,5,6,15,16,15,13
41486,4,9,80,92,6,5,55,37,36,42
38850,9,11,121,133,7,6,69,64,64,56
48565,10,6,101,101,7,10,52,49,48,52
57779,0,0,4,11,7,2,8,2,3,1
48119,0,1,11,13,7,5,7,5,5,6
38578,10,19,162,196,8,5,105,90,91,71
27713,11,22,189,220,6,7,112,107,108,81
56223,15,16,188,197,9,6,102,95,94,93
27828,17,29,252,303,11,8,164,138,138,114
58296,9,10,123,125,6,5,59,65,65,58
57488,6,3,69,59,5,6,29,29,30,39
38156,13,32,229,322,9,8,191,130,131,98
40221,6,9,91,103,8,5,59,43,44,47
46877,13,28,206,304,10,9,180,124,123,82
42235,0,2,17,21,6,4,12,9,8,8
53786,5,18,113,175,8,5,105,70,69,43
35166,2,7,57,65,7,7,36,29,29,27
38041,2,5,39,51,5,4,25,26,25,13
55386,3,3,43,36,6,5,18,18,18,24
38551,3,10,59,107,11,5,69,37,37,22
43916,9,13,129,143,8,5,74,68,69,60
40141,1,9,64,61,4,6,29,32,31,32
48960,8,22,163,203,5,5,110,92,92,71
46922,3,21,131,164,7,6,91,73,73,57
47941,12,29,235,263,7,10,131,132,132,102
41662,2,8,61,71,8,4,36,35,35,25
44273,3,4,48,58,6,5,31,26,26,22
20220,16,17,192,218,8,6,113,104,104,88
40053,1,10,54,95,8,4,61,34,33,20
21485,6,6,69,93,7,5,52,40,40,29
58659,0,0,2,4,2,1,1,2,2,0
43502,1,3,24,37,4,3,19,17,17,7
40272,14,30,236,302,10,7,168,133,134,102
56012,0,0,9,11,7,3,6,5,4,4
41478,2,2,34,24,4,7,9,15,14,19
59408,15,29,230,304,8,7,172,132,131,98
59379,8,22,155,217,7,6,128,89,88,66
41718,4,15,104,133,7,7,78,55,55,48
41929,7,12,117,128,6,7,69,58,58,59
50956,5,16,111,150,8,7,86,63,63,48
48071,5,19,132,162,9,6,82,80,79,52
51772,6,16,111,168,8,5,101,66,67,44
38703,11,33,220,314,9,8,187,126,126,94
46850,6,17,122,171,7,6,103,67,67,55
33056,2,3,30,39,6,4,21,17,17,13
57250,2,5,44,55,5,6,33,22,21,22
58827,7,14,120,147,9,6,86,60,61,59
47626,4,13,88,124,9,5,72,51,52,36
53903,5,5,66,63,6,6,30,33,32,33
53858,5,13,106,127,9,5,73,54,53,52
56805,5,5,70,59,7,5,24,35,34,35
47079,4,17,118,149,7,5,89,60,60,57
26497,4,1,46,28,4,5,12,16,15,30
80411,0,1,15,15,2,3,3,10,10,5
24192,7,10,96,123,8,6,69,53,53,43
24205,6,38,195,339,12,6,217,122,121,73
59483,8,11,115,129,8,6,71,57,57,58
26550,3,16,90,147,9,7,93,53,53,37
59176,11,33,217,317,8,6,193,123,123,94
59459,9,35,212,322,7,5,186,135,135,77
48223,4,11,86,100,8,7,57,43,42,43
47896,13,31,237,297,8,7,164,132,132,105
59184,8,23,165,223,7,5,125,98,98,66
54615,0,5,32,44,5,4,22,21,21,11
59192,10,29,202,272,7,5,148,123,123,79
46658,6,12,100,126,7,5,68,57,57,43
49015,12,32,221,313,9,6,177,135,135,86
59440,9,22,157,229,6,6,133,95,95,62
53081,6,14,104,147,10,8,82,64,64,40
59432,11,10,114,143,9,6,75,67,68,45
26403,12,32,220,314,10,6,191,123,122,97
59221,1,4,28,41,7,4,21,19,19,9
47300,4,12,86,123,7,6,76,46,47,39
59248,17,27,242,292,8,8,162,130,130,111
59416,2,6,51,55,6,4,24,30,30,21
48354,3,19,116,159,7,5,89,70,69,46
56098,1,0,11,17,7,3,11,6,6,4
48485,7,22,136,221,11,7,145,75,76,60
48397,3,21,110,191,9,5,116,74,75,35
27959,8,36,199,335,13,4,206,128,129,70
31659,8,4,81,72,6,6,37,35,34,46
26286,6,6,80,75,4,7,36,38,38,42
59467,10,6,106,95,8,7,39,55,56,50
59328,13,31,223,306,12,5,173,132,132,91
49154,12,32,220,309,7,5,176,132,133,87
51377,14,20,193,224,6,6,118,106,105,87
28169,1,1,16,14,3,10,7,6,6,10
42657,0,1,14,18,5,3,9,8,8,6
53831,10,21,172,217,8,7,123,93,93,79
30365,1,6,28,64,8,4,43,20,20,8
16360,2,9,58,82,7,4,44,38,37,20
59205,2,9,60,76,6,4,41,34,34,26
55685,0,2,10,26,9,2,17,8,8,2
45065,2,4,39,53,11,5,30,22,22,17
58990,11,17,167,188,7,5,97,91,91,75
41427,1,9,57,74,6,4,40,33,33,24
43772,10,25,184,253,6,6,135,117,117,67
43123,14,22,219,222,6,8,108,114,114,104
26542,5,12,95,123,11,5,74,49,48,46
32475,3,11,66,113,8,5,71,41,41,25
26307,0,0,3,8,5,1,4,3,3,0
51561,5,4,50,71,8,5,44,27,26,23
26390,3,6,55,70,5,5,37,33,33,21
52337,16,20,202,244,11,6,140,104,103,98
46754,6,3,57,71,7,5,39,32,32,24
48653,12,26,196,274,11,7,161,112,112,83
19051,3,16,101,143,7,5,82,60,60,41
22250,8,7,88,104,7,5,59,45,44,43
43553,12,29,198,302,9,7,176,125,125,73
52564,2,3,34,42,5,5,22,19,19,15
44652,5,14,103,136,10,6,77,58,58,45
25216,2,3,32,36,7,4,20,15,15,17
36505,1,4,29,45,7,3,25,19,20,9
19502,12,29,223,272,7,5,145,127,126,96
48506,8,33,182,311,12,5,193,117,117,65
26382,9,12,135,152,7,8,83,67,68,67
66800,12,28,207,284,11,6,174,110,110,96
26681,6,8,80,107,12,5,62,44,44,36
61890,3,2,37,40,5,8,22,17,17,20
61794,3,2,33,35,5,4,15,19,19,14
65816,7,4,75,69,5,5,32,36,37,38
61970,0,7,33,65,11,5,41,24,23,9
60506,9,31,203,280,10,6,168,111,112,91
43132,1,2,15,25,7,4,14,10,10,5
58640,7,14,117,143,9,8,81,61,62,55
60628,13,27,214,268,8,8,154,113,114,100
34147,11,3,92,84,6,8,38,45,46,46
62148,13,27,199,282,8,7,160,121,121,78
17340,3,5,51,47,7,6,26,20,20,31
60572,2,1,21,26,6,4,13,12,12,9
45671,8,16,133,167,8,8,94,72,73,60
44644,5,34,194,285,9,7,163,121,121,73
59811,1,1,18,18,5,5,9,8,8,10
52695,9,30,213,263,6,7,146,116,117,96
41523,3,1,30,27,7,4,14,12,13,17
40125,15,21,192,268,10,5,148,118,118,74
57592,10,7,103,117,7,9,62,55,54,48
52070,0,2,16,24,7,4,16,8,7,8
59707,7,2,60,58,6,6,31,27,26,33
34032,14,25,206,269,8,6,144,125,124,81
63255,0,3,15,34,8,2,22,12,11,3
57381,5,11,79,124,6,4,70,54,53,25
40838,6,13,93,144,14,7,89,54,54,39
22840,8,22,160,209,7,6,114,94,95,65
58464,2,0,23,14,2,9,4,9,10,13
21450,2,3,32,36,5,4,19,16,16,16
28433,3,2,32,31,5,4,15,16,15,16
58085,4,2,42,32,5,5,15,17,16,25
16088,1,2,24,28,5,3,14,14,14,9
63060,9,16,146,172,9,7,95,76,76,70
45970,4,8,67,98,7,4,57,41,41,25
52919,9,17,145,176,9,7,106,69,70,75
17137,6,6,68,95,7,6,59,35,36,32
64186,8,30,192,272,13,6,163,109,109,82
50404,5,10,88,107,7,8,60,46,47,41
39394,1,2,15,39,9,4,29,9,10,5
15712,0,3,13,40,12,4,31,8,8,5
64311,8,30,195,267,9,9,148,119,118,76
55976,9,29,186,275,9,7,159,115,116,70
27749,6,2,54,57,6,7,29,27,28,26
46615,3,2,34,37,4,6,21,15,15,19
60206,8,30,194,266,9,7,150,116,116,77
23990,6,20,133,186,11,5,105,80,80,53
43318,1,3,24,33,5,3,16,16,16,8
43350,8,30,192,268,9,6,152,115,116,76
29946,10,28,190,269,10,6,161,107,108,82
36978,7,8,95,98,7,6,51,46,46,49
39140,1,5,28,50,7,3,31,18,18,10
14593,13,25,200,258,10,5,150,107,107,93
46594,3,11,76,99,6,5,56,42,42,34
34833,12,26,194,263,9,5,147,115,115,79
27633,13,21,188,226,7,7,125,100,101,87
64629,9,10,120,127,7,5,70,57,57,62
56186,0,0,7,12,3,2,5,6,6,1
55212,4,7,74,75,8,6,41,34,34,39
35211,4,10,86,103,14,8,59,43,43,43
64936,9,28,160,290,9,6,179,110,111,49
62834,9,13,117,158,10,5,84,74,73,43
61065,6,15,117,145,7,6,79,66,65,51
56274,11,26,184,264,9,6,153,110,111,73
64282,14,23,197,251,9,6,150,100,101,96
17278,7,3,71,60,4,6,24,36,35,35
63108,3,2,34,33,7,5,19,14,13,20
66069,3,7,53,86,13,5,52,33,34,19
55351,0,2,21,25,4,4,13,12,11,9
60900,1,2,22,25,4,4,12,12,12,10
61399,9,27,184,258,8,6,157,100,100,84
65883,9,13,111,163,13,4,96,66,66,45
74617,5,7,75,87,6,5,48,39,38,36
66093,10,26,192,250,13,6,136,114,113,78
65859,0,14,69,118,9,3,69,49,48,20
66018,3,9,56,105,9,4,67,37,38,18
66026,2,10,57,100,12,3,61,38,39,18
66122,2,13,70,126,13,5,79,46,46,24
65875,10,26,188,254,13,6,144,109,110,78
52062,0,1,14,18,5,3,10,8,7,6
54148,14,22,195,246,8,9,147,99,99,95
64207,3,1,31,33,4,4,16,16,17,14
61241,18,13,195,202,11,7,108,93,94,100
25507,1,0,13,11,4,4,6,5,5,7
38682,11,16,149,192,8,5,107,84,85,64
58596,1,3,27,37,5,7,22,14,14,13
30067,6,7,85,83,7,6,39,43,43,42
52978,11,25,183,253,8,6,141,112,111,71
61284,3,10,59,100,9,5,63,36,36,23
70229,5,10,84,104,8,5,56,48,47,36
49905,7,16,129,161,10,4,91,69,70,59
24715,9,1,59,66,12,5,35,30,30,29
58093,1,1,13,17,4,3,9,8,7,5
57568,9,27,165,270,15,5,170,99,100,65
25769,7,14,119,143,6,5,76,67,66,52
14323,8,13,122,141,6,5,74,66,66,56
44792,8,4,79,73,7,9,35,38,37,41
47490,8,7,91,102,9,8,58,43,43,48
47466,10,15,154,159,7,7,74,85,84,69
50032,4,17,112,147,8,6,91,55,55,57
60337,2,2,27,29,5,4,14,14,15,12
70376,6,5,63,81,7,6,50,30,31,32
45495,9,19,156,199,9,9,109,89,90,66
44951,12,14,145,183,8,6,105,77,77,68
25160,1,3,27,34,5,3,15,18,18,9
34817,13,22,185,244,10,6,133,110,111,74
28222,7,28,173,256,8,6,147,108,109,64
42200,13,22,182,246,10,5,143,102,102,80
38893,5,10,70,118,7,4,71,47,46,23
62164,6,4,69,61,6,5,31,29,29,40
64020,5,6,65,75,6,4,35,39,40,25
24766,9,26,169,258,14,5,152,105,105,64
21792,10,25,177,249,8,5,143,106,106,70
49606,0,4,14,41,12,2,29,11,11,3
75030,3,10,69,94,8,4,53,40,41,28
40539,8,27,171,253,12,8,156,97,96,74
54754,2,0,13,22,5,2,12,10,9,3
37102,2,6,46,59,5,9,33,25,25,21
33785,2,8,55,72,8,5,42,30,29,25
64064,4,3,44,53,4,5,28,25,25,18
25953,11,24,174,249,9,7,148,100,100,74
58480,4,6,62,72,9,9,44,28,28,33
41355,11,24,174,248,7,5,138,109,109,65
64477,4,5,48,65,8,5,39,25,26,22
43342,2,7,52,62,3,4,27,34,34,18
53612,7,8,90,98,7,6,48,49,50,40
57234,1,0,9,15,4,2,6,8,8,1
42999,0,0,2,6,4,2,4,1,1,1
63802,0,2,15,25,6,4,15,9,9,6
90721,6,2,51,61,6,5,32,28,28,23
65787,7,13,119,144,6,5,73,71,70,48
56573,7,27,178,241,7,6,131,109,110,68
61743,5,12,92,132,13,5,83,48,48,44
69024,1,1,15,18,3,4,8,10,9,5
42462,0,0,1,2,2,1,1,0,1,0
26518,9,11,108,149,10,4,84,64,64,44
42534,10,19,151,213,7,5,122,90,91,60
61583,5,8,82,92,6,6,51,41,40,41
26884,4,8,67,87,7,6,43,43,43,24
59926,1,10,62,85,7,3,45,39,40,22
47992,4,6,62,76,8,5,40,35,35,27
38280,2,1,23,24,4,8,12,12,11,11
54447,2,1,26,24,4,6,12,12,12,13
59010,13,21,187,226,8,9,128,97,98,89
57817,13,20,180,226,7,6,126,99,100,80
50156,4,4,50,56,4,4,28,28,27,22
49429,9,12,128,136,6,5,71,64,65,63
60097,10,24,170,241,12,7,138,102,102,68
37065,0,0,5,7,5,2,4,2,3,2
60046,5,5,62,69,4,4,31,37,37,25
49373,12,21,179,227,11,5,120,106,106,73
22066,6,8,75,105,10,5,63,42,42,32
51625,4,9,67,92,9,8,51,40,41,26
66114,7,13,118,134,4,5,68,65,66,52
28847,8,7,95,90,6,6,46,44,44,50
52038,7,27,167,242,16,7,144,97,97,70
91380,7,11,101,128,9,8,74,53,53,48
22753,5,5,71,63,7,10,30,32,32,39
42550,2,4,37,48,5,4,22,25,25,12
50737,0,0,3,9,4,1,5,3,3,0
50024,1,9,49,90,7,4,59,30,30,19
15077,5,16,105,156,10,8,97,58,58,47
56450,2,8,51,87,7,3,49,37,37,14
10623,0,0,7,5,4,5,3,2,1,5
46544,0,1,16,12,4,9,6,6,5,10
75034,12,21,183,221,8,8,121,99,99,84
53401,5,3,48,64,7,4,34,29,29,19
25778,12,18,175,201,8,7,110,90,90,85
71765,2,7,44,74,9,7,48,25,25,19
62324,5,6,69,72,5,6,37,35,34,34
32205,4,6,57,74,5,4,40,33,34,23
45751,11,22,163,238,9,6,135,102,102,61
75181,9,5,79,99,8,6,48,50,51,28
43298,0,0,2,6,4,1,3,2,2,0
25022,2,3,37,37,5,8,19,18,18,18
65066,5,5,58,68,6,4,38,30,29,28
47271,6,3,61,59,4,5,28,30,31,30
35051,7,20,139,193,7,5,104,88,88,51
34841,2,6,50,54,6,4,26,27,27,23
42753,0,2,11,21,4,2,11,9,9,2
44601,8,25,159,238,11,4,141,96,96,63
48514,4,7,67,81,8,5,40,40,41,26
32707,9,10,120,144,8,7,86,57,57,62
68347,4,9,76,95,8,8,55,39,40,36
66181,7,25,165,229,14,7,139,89,90,75
65138,5,10,92,103,7,5,53,50,49,42
62252,1,8,50,78,6,4,45,32,32,18
60839,1,2,22,26,5,6,14,11,11,11
60442,11,21,161,232,8,5,127,104,104,57
47837,0,0,6,9,3,2,4,5,4,1
68144,8,22,156,223,12,8,126,96,96,60
70519,11,21,163,229,7,7,131,97,97,66
39300,0,1,10,14,3,2,7,6,6,4
53479,6,11,80,140,11,5,90,49,49,31
52505,2,5,37,54,8,5,33,20,20,17
64346,5,5,69,65,6,7,32,32,32,37
54181,7,14,107,157,10,7,104,53,52,54
83601,6,9,96,101,4,6,42,58,58,38
51043,7,12,105,136,8,5,78,58,58,46
63845,5,3,48,51,5,6,30,21,20,27
47159,3,12,81,104,7,5,59,44,44,37
57665,6,26,150,236,12,5,147,89,88,61
75423,6,4,65,58,5,7,31,27,27,37
30912,0,1,12,10,3,5,4,5,6,6
71889,0,1,11,10,3,3,4,5,6,5
29196,5,2,46,57,8,6,33,23,23,23
70578,4,27,156,228,8,4,131,96,97,59
89392,3,6,57,72,7,4,37,35,34,22
36469,6,13,104,135,7,9,72,62,63,41
47028,4,1,37,34,4,4,15,19,19,17
70092,8,11,113,136,7,6,82,54,54,58
42833,3,6,57,71,6,4,35,35,35,22
71001,1,5,29,56,15,4,39,16,17,12
60986,10,21,174,207,10,9,114,92,93,81
62308,12,19,151,230,8,5,141,88,88,63
82705,1,1,20,22,6,3,9,12,13,7
47175,6,12,98,128,7,8,75,52,53,45
41081,2,3,37,41,7,11,26,15,14,22
45356,10,19,146,215,9,6,128,86,86,59
42104,5,5,60,70,5,4,31,38,38,22
10104,9,22,150,227,7,5,134,92,92,58
48274,5,16,107,161,6,4,91,69,70,37
23114,4,18,112,163,8,6,97,65,65,47
24272,6,12,111,120,7,5,62,57,58,53
75647,2,7,48,70,10,7,38,31,32,16
87127,5,4,62,60,4,5,29,30,30,32
19721,2,4,31,53,8,3,32,20,20,11
32563,4,5,60,57,5,5,27,29,30,30
68049,5,2,43,45,5,5,24,20,21,22
50905,4,4,44,58,6,4,29,28,28,16
13056,4,10,68,107,8,4,58,49,49,18
27764,4,3,47,47,5,5,20,26,26,21
68591,9,18,149,176,7,6,97,79,78,70
85631,10,21,152,221,9,5,129,91,91,61
76090,5,12,89,125,10,6,80,44,44,45
41179,4,4,51,62,5,5,33,28,29,22
65568,6,1,47,47,6,6,21,25,25,22
27430,8,7,91,103,5,6,55,48,48,42
55079,2,2,31,35,5,7,19,15,16,15
35238,4,5,57,59,7,6,28,31,31,25
18092,6,10,84,119,8,6,65,54,53,30
46288,1,1,22,15,3,6,6,9,9,12
78968,2,4,30,52,12,4,33,19,18,11
76285,0,1,6,9,3,1,3,6,5,0
27263,1,6,32,56,9,3,32,23,23,9
64856,4,6,51,75,9,3,44,30,30,21
76122,3,3,33,46,6,4,26,20,20,12
27087,0,2,21,23,5,4,13,10,10,10
18551,1,4,28,43,8,5,25,17,18,10
58472,1,1,18,15,2,4,5,9,10,8
76608,1,2,20,25,4,7,13,11,11,9
19589,2,1,29,22,4,9,12,10,9,19
76644,9,13,136,141,8,9,70,71,70,65
90609,12,7,130,103,7,6,41,62,61,68
32379,7,6,87,77,5,6,30,46,47,40
75789,5,10,91,109,7,6,58,51,51,39
14008,11,17,148,200,10,5,115,85,84,63
75646,5,17,109,168,7,4,102,65,65,44
76557,3,10,63,102,7,4,60,42,41,21
79250,3,2,37,38,4,5,16,22,21,15
76070,2,2,26,34,6,4,20,13,13,13
10078,7,10,101,108,7,7,61,46,46,55
77768,5,20,123,191,7,6,110,80,80,43
53065,10,18,155,184,9,5,92,91,91,64
79041,0,0,1,4,4,1,3,1,0,0
11626,0,0,7,7,4,4,4,2,2,5
78946,1,2,20,27,5,3,13,14,13,6
76171,4,8,68,90,7,5,49,40,40,28
63096,2,3,23,49,9,4,30,18,18,5
87055,4,23,131,196,6,5,116,80,80,50
50200,3,4,40,55,6,4,31,24,24,15
71298,5,3,50,54,7,6,25,29,29,20
75333,5,7,65,84,8,7,46,38,37,27
79764,1,3,23,31,5,5,16,15,15,7
11997,4,4,52,55,8,5,27,27,27,25
76076,10,17,132,193,10,7,110,82,82,50
10791,4,1,35,42,11,4,25,16,17,18
80080,10,16,146,177,8,6,95,82,81,64
64995,10,16,145,177,6,7,95,82,81,63
71175,10,16,142,180,7,5,95,85,84,57
79119,0,1,8,19,8,2,12,7,6,1
80094,2,2,21,41,10,3,25,15,15,6
80410,0,3,19,33,5,3,21,11,12,7
10107,6,20,126,193,8,6,114,79,78,47
58683,9,17,146,172,17,7,99,72,72,74
92655,4,22,113,205,7,5,130,74,74,39
56232,5,9,85,87,5,10,43,43,44,41
53613,12,14,144,172,12,7,96,76,75,68
77546,2,10,66,90,5,6,48,41,41,25
70536,3,17,97,157,10,7,92,64,64,33
76226,14,12,145,171,9,6,96,74,74,71
80694,1,1,17,14,3,6,6,8,8,8
41443,3,9,61,94,9,4,55,38,38,23
77605,11,14,140,171,8,8,97,73,73,67
14702,9,16,145,165,8,7,84,80,80,65
81193,1,3,25,38,4,4,22,15,16,9
49656,7,18,137,173,6,8,88,85,84,52
76512,1,2,24,32,4,5,19,12,12,12
75625,4,1,39,36,4,4,16,19,20,19
26710,9,16,135,173,8,6,95,77,77,58
71984,2,1,30,23,7,8,12,10,11,19
25487,4,6,64,71,8,5,37,34,34,29
81655,3,22,124,183,9,5,102,81,80,43
79323,10,15,133,173,9,5,96,76,76,57
75257,6,9,91,106,7,8,57,49,49,41
53938,1,3,18,36,6,5,24,11,11,7
81774,10,15,140,165,9,6,91,74,73,66
82959,1,5,36,42,5,4,21,20,20,16
69032,9,16,127,177,8,7,106,70,70,57
66157,10,15,123,180,8,5,103,76,76,47
22517,8,17,119,183,7,4,110,72,72,47
48267,11,7,105,116,10,7,63,53,52,52
25081,10,15,129,172,8,6,101,70,70,59
82309,1,1,13,17,8,6,10,6,7,6
82647,2,2,21,31,5,4,17,13,13,8
77462,7,17,135,157,9,10,91,66,66,68
82776,0,1,9,16,5,4,10,5,6,3
82775,8,16,126,174,10,6,103,70,70,56
76129,1,2,25,29,7,5,17,12,11,13
80678,1,1,23,23,5,6,13,9,9,14
76754,0,1,15,15,6,3,8,7,6,8
10147,7,12,111,135,7,5,72,63,62,48
67571,1,0,13,15,5,4,8,6,6,7
34746,9,15,139,159,9,8,84,74,74,65
77644,0,3,17,28,6,3,18,9,9,8
61735,7,17,116,181,9,6,109,71,71,45
11042,1,4,39,34,7,6,17,16,17,22
83462,4,3,43,50,6,7,27,23,22,20
85869,2,0,24,13,3,6,3,9,10,14
76804,6,5,69,78,7,7,43,34,35,34
78788,0,0,9,7,2,2,2,5,5,3
69607,1,2,22,29,5,5,16,13,12,9
11081,8,8,102,103,6,7,51,51,51,51
83332,4,5,57,65,5,6,35,29,29,28
82308,2,1,24,21,3,6,12,9,9,14
83988,0,1,6,11,6,2,6,4,5,1
84020,6,7,76,82,6,5,40,42,41,34
75175,6,6,77,79,7,9,41,37,38,39
81126,4,5,41,71,10,5,46,24,24,17
76605,5,18,120,168,6,6,94,74,73,46
84375,1,0,22,12,5,6,7,5,5,16
86976,4,0,36,30,3,6,12,17,18,18
84381,5,18,114,174,10,6,101,72,73,41
10693,4,1,36,38,5,5,18,19,20,16
62092,8,15,118,170,12,7,108,62,61,56
75912,4,5,58,59,4,7,30,28,29,29
75510,5,18,105,179,9,6,114,64,64,41
21371,10,13,121,163,11,6,92,70,71,50
52476,6,17,113,170,9,9,104,65,65,48
64565,4,6,66,67,5,10,34,32,33,33
75186,6,17,132,151,8,7,83,68,67,64
39490,11,12,133,149,8,6,75,73,73,60
85073,1,6,35,64,9,5,43,20,21,14
70332,8,13,122,143,7,6,72,70,70,52
81593,4,6,60,74,8,7,39,34,35,25
77157,6,2,74,61,7,7,28,32,33,40
60441,1,1,15,19,4,4,9,9,9,6
42906,10,13,119,162,7,8,94,67,67,52
72726,8,15,123,158,8,6,86,72,71,51
64390,5,18,116,165,10,5,93,72,71,44
46886,6,17,125,155,7,6,85,70,69,55
24046,5,5,56,74,7,9,43,31,30,25
40484,0,1,6,9,6,2,5,3,3,3
85348,5,18,114,164,7,5,93,70,70,44
20053,5,5,53,69,10,4,40,28,29,24
30681,8,15,128,149,9,10,76,72,72,56
23473,7,16,119,158,6,8,94,63,63,56
71563,9,14,121,156,6,5,84,71,71,50
80599,3,6,53,75,10,4,45,29,30,23
58246,6,16,125,151,8,9,80,71,70,54
67467,8,6,87,94,8,7,53,41,40,46
51588,1,1,19,19,4,4,10,9,9,9
52821,0,0,9,10,4,2,3,6,6,3
79973,4,3,55,45,6,5,18,26,27,28
37584,8,14,120,153,10,6,89,63,63,57
77284,2,4,36,52,10,6,32,20,19,16
83440,1,0,14,18,4,4,11,7,7,6
85913,8,14,126,146,10,7,82,63,63,63
85926,7,15,125,147,7,8,75,72,71,53
85908,1,0,23,8,4,7,4,4,4,18
80506,0,0,4,8,5,2,5,2,3,1
76563,0,0,5,5,3,2,2,2,3,2
81055,9,13,120,150,8,5,79,71,70,49
11955,4,18,113,157,9,6,93,63,64,49
86136,5,17,101,169,11,4,104,65,64,36
88388,0,1,11,12,3,2,4,7,8,3
68304,1,8,55,64,6,4,34,30,30,24
66325,4,11,82,108,6,7,59,49,48,33
30382,5,3,55,53,5,5,23,29,29,26
35044,8,14,109,160,8,5,100,60,59,49
64531,0,0,5,6,3,3,3,3,2,2
83596,4,5,56,64,5,8,38,26,25,30
77606,9,12,127,138,6,10,65,73,72,54
76597,1,0,10,17,10,8,13,3,3,7
77063,2,6,53,57,6,6,33,23,23,30
78083,1,4,36,38,5,4,20,18,17,18
78263,3,2,33,36,7,5,20,16,16,16
75489,9,9,106,121,6,4,51,69,69,37
76712,10,12,125,142,7,8,85,56,56,69
61621,6,16,112,155,9,6,92,63,62,49
70500,5,12,88,123,11,5,70,52,52,36
11976,4,10,83,96,7,6,49,47,46,36
76149,10,6,86,108,8,6,63,44,44,42
75857,6,2,52,54,6,5,28,25,25,27
86414,2,3,27,37,5,5,20,16,16,11
75154,11,11,118,147,14,5,81,65,65,53
77418,8,10,108,125,10,10,73,51,52,56
78139,5,7,78,78,6,7,40,38,37,40
81061,7,14,123,141,6,7,80,61,61,61
36127,0,1,14,11,3,3,4,7,6,7
71686,0,4,26,42,7,4,25,17,16,9
60599,12,9,125,137,6,8,68,68,69,56
62770,1,5,41,51,6,4,27,24,23,17
78916,9,11,114,139,12,6,79,60,59,54
86591,3,2,40,37,5,5,15,21,22,18
57904,5,16,112,148,8,5,86,62,61,50
54463,0,0,10,7,4,4,3,4,3,6
75573,4,6,67,71,7,7,39,31,32,35
82598,8,13,116,143,10,5,77,65,65,51
83583,0,4,30,36,6,4,13,22,22,8
85914,9,12,123,136,7,6,71,64,65,58
15202,7,14,117,141,7,6,77,64,63,53
77178,7,14,111,147,8,5,75,71,71,40
50906,5,2,49,46,6,9,25,21,20,28
76887,5,3,56,56,6,7,31,25,24,31
82643,6,6,81,77,5,8,38,38,38,43
86326,1,0,14,11,5,4,6,4,5,9
61663,0,1,8,16,4,3,10,6,5,2
87029,0,2,19,17,3,5,5,11,11,8
77659,8,9,100,113,6,4,55,58,58,41
10138,6,15,103,152,9,7,94,57,57,46
10942,3,4,41,47,5,7,27,19,20,21
60943,8,13,109,146,8,4,82,63,63,46
60871,9,12,113,142,6,6,66,75,75,38
27991,7,14,106,149,6,7,87,61,62,44
77481,3,9,63,88,7,5,50,37,37,26
10353,1,0,12,7,2,5,2,4,4,8
80470,2,1,20,26,4,3,11,14,14,6
51369,8,5,81,92,6,7,52,39,39,41
76201,8,13,112,142,6,5,76,65,66,46
59345,0,1,10,6,2,3,2,4,4,5
82686,6,15,111,142,7,5,75,66,66,45
87292,4,6,51,80,9,7,47,32,32,19
79237,4,7,80,73,5,7,37,34,36,44
54827,7,6,87,81,4,6,34,46,46,41
83435,9,8,97,113,6,8,59,53,53,44
86041,0,0,6,3,1,3,0,3,3,2
70033,8,11,117,128,13,6,71,56,57,60
11983,2,0,27,19,3,5,7,11,11,16
86496,1,0,16,13,3,3,5,7,8,8
84372,3,3,44,49,7,5,24,24,24,20
84036,2,4,43,42,8,5,23,19,18,24
80055,3,1,35,28,6,6,15,13,13,21
10299,8,8,96,107,6,6,49,57,57,39
75577,8,6,87,101,8,6,49,51,51,36
83413,1,0,13,11,3,5,5,5,5,8
11896,4,4,59,54,5,6,21,33,32,25
83693,3,2,37,32,5,6,16,16,15,21
76656,4,2,38,46,8,6,24,21,21,17
79718,4,1,32,35,6,3,17,17,18,14
11970,1,5,34,46,6,5,23,22,22,12
10725,0,3,16,35,5,2,21,13,13,3
12067,5,6,77,67,6,6,26,40,41,36
77702,5,15,96,151,13,6,95,55,55,41
75100,6,14,105,142,11,4,85,56,57,48
87432,6,14,113,134,9,6,76,57,57,56
79108,5,1,45,40,10,5,21,18,19,26
86305,5,3,56,58,4,7,27,30,30,26
85963,7,8,87,100,8,6,53,46,47,40
79879,8,4,86,75,7,7,35,40,40,45
88313,4,6,70,66,5,7,32,33,33,37
85599,0,0,4,7,3,2,3,3,3,1
85032,5,5,62,67,9,7,36,31,30,31
87800,1,0,15,10,4,7,5,4,5,10
88319,3,2,35,31,7,4,15,15,16,19
87137,8,12,107,138,7,7,76,61,61,46
24360,2,4,31,53,9,4,34,18,18,13
29102,7,7,80,93,8,5,50,43,42,37
90352,4,4,56,54,7,7,31,23,23,32
86176,5,4,58,64,9,7,36,27,27,31
85516,3,1,29,24,5,4,13,10,11,18
83630,0,0,8,2,1,4,0,2,2,5
88587,2,4,42,41,5,5,20,21,20,21
45241,6,7,73,91,6,9,49,41,41,32
23318,3,2,29,36,9,4,17,19,18,10
54690,2,3,24,41,7,4,26,14,14,10
38762,6,14,91,151,10,9,94,56,57,34
75825,8,12,106,136,9,6,70,65,65,41
76757,4,3,47,43,4,8,20,22,23,24
51596,1,5,27,50,8,3,32,17,17,10
52230,6,14,111,130,7,6,72,58,58,52
78975,2,18,92,149,7,4,90,59,58,33
73139,3,17,97,144,9,6,84,60,59,37
77173,1,0,12,8,4,5,4,3,4,8
80266,7,3,60,61,8,5,32,29,29,30
87842,7,13,109,132,8,5,68,63,63,46
83981,3,1,42,18,3,7,6,11,12,30
73940,3,3,37,36,4,5,16,20,19,17
90537,2,8,75,77,9,6,38,37,39,36
85522,3,1,39,25,3,6,9,16,16,22
88853,6,11,102,119,10,6,68,51,51,50
88845,3,13,77,137,10,5,89,48,48,28
79094,8,4,81,85,7,6,41,43,43,38
23887,8,7,90,103,7,5,52,50,51,39
84001,2,3,36,37,5,6,18,19,18,17
23660,6,13,93,145,7,4,90,54,55,38
10696,3,16,83,154,10,4,97,56,57,26
88601,1,0,20,7,3,6,2,4,5,15
26332,2,0,17,17,4,4,9,7,8,9
86756,2,6,46,60,9,4,35,24,24,22
87536,1,1,14,20,7,5,11,8,8,6
84129,9,10,110,125,6,10,67,57,57,53
84342,3,6,66,60,7,6,31,28,29,37
76624,4,1,32,39,7,4,20,18,18,14
89014,2,14,89,118,6,5,64,54,54,34
89001,1,1,16,22,11,4,14,8,7,8
81540,4,15,95,138,11,5,82,55,56,39
84519,4,3,51,49,7,10,26,23,22,28
53866,3,10,75,92,5,6,50,41,41,34
43610,0,0,3,7,7,3,6,0,1,2
89070,7,12,101,131,8,6,73,57,57,44
86314,7,9,92,112,8,6,63,49,48,43
45277,7,5,71,82,8,6,44,38,37,33
85238,1,4,23,41,9,3,23,18,17,5
37161,3,11,79,98,8,8,56,42,41,37
76565,4,1,29,35,4,2,12,22,22,7
86580,6,13,90,140,9,9,89,50,51,39
10324,4,5,54,58,5,6,29,28,28,26
76638,4,3,46,41,4,4,17,23,24,22
79547,6,13,94,135,9,5,76,58,58,36
82651,5,13,93,135,6,6,80,55,54,38
75592,3,10,72,97,5,5,54,42,43,29
79057,1,14,77,127,10,5,75,51,51,25
51706,4,4,52,61,6,5,34,26,27,25
80515,0,0,7,5,4,6,3,2,1,5
36397,5,5,66,67,7,7,36,30,30,36
81285,1,4,24,49,10,4,32,16,16,8
81138,5,5,67,67,8,5,32,35,35,31
76240,3,4,48,47,5,8,26,20,21,27
80100,6,12,85,138,10,5,80,57,57,28
86868,4,14,93,129,8,5,78,51,50,42
75828,6,12,98,124,10,5,66,58,57,40
58094,1,2,21,32,7,5,18,13,14,7
10108,0,2,14,23,7,3,14,9,8,5
89258,5,13,87,135,11,5,78,57,56,30
86356,4,14,103,119,8,8,66,53,53,49
89195,5,13,95,127,8,6,73,54,53,41
87447,5,13,92,130,7,5,77,52,53,39
89179,4,14,89,133,11,6,81,51,51,38
88668,3,12,75,115,7,7,69,45,45,30
86946,1,13,60,118,14,3,74,44,44,15
89495,0,1,10,9,3,2,3,6,6,3
84373,4,14,91,126,8,5,68,57,58,33
89525,5,13,83,134,7,7,80,53,53,30
76282,5,8,76,98,5,6,50,47,47,29
52090,2,15,80,134,9,5,84,49,49,31
80711,5,11,89,124,9,4,65,59,58,30
75607,7,10,101,113,9,6,62,51,50,50
86102,3,6,51,66,7,4,36,29,29,22
80406,1,6,36,59,6,7,37,21,21,15
77668,4,10,67,116,10,6,76,40,39,27
89813,4,4,39,64,7,5,38,26,25,13
76841,7,10,91,115,7,5,60,54,54,37
35554,6,10,87,116,11,7,68,47,47,40
81262,0,2,14,22,4,3,12,9,9,5
80913,3,2,31,39,4,4,20,19,18,12
85269,6,10,88,113,7,6,66,46,46,42
83862,5,10,85,113,11,7,67,46,46,38
69550,6,9,97,102,8,4,48,53,54,43
90110,3,7,59,76,6,5,44,31,31,28
77274,5,11,92,106,6,7,57,49,49,42
10562,3,1,28,26,6,9,14,12,11,16
77150,1,0,11,16,4,3,9,7,6,4
88661,7,9,93,103,7,7,57,45,45,48
89463,2,2,27,30,5,5,16,13,14,13
12062,3,13,76,118,9,4,69,48,48,28
64451,0,2,11,23,7,3,16,6,6,5
86021,5,9,70,105,11,4,61,44,43,26
90441,4,10,75,96,12,5,52,43,43,32
79212,1,4,24,42,7,2,25,17,17,6
22032,0,2,12,21,8,3,13,7,8,4
90435,0,0,8,15,4,3,10,5,4,3
84032,8,7,90,100,9,7,56,43,43,47
89757,4,2,41,49,8,4,25,23,23,18
32791,1,2,19,24,7,6,15,8,8,11
69796,4,11,78,108,8,5,60,48,47,30
77661,5,10,81,105,9,6,62,42,43,38
28388,7,8,79,106,6,5,55,51,51,27
76619,2,5,34,59,10,4,38,20,20,14
77730,6,9,77,108,8,6,68,40,40,36
28345,5,6,69,74,6,5,36,37,37,32
64653,3,12,79,106,6,6,56,49,49,30
78034,6,6,73,76,7,6,39,36,37,36
52708,5,10,77,106,7,6,66,40,39,37
90880,4,11,74,108,10,5,65,42,42,32
84788,4,11,69,113,6,6,68,44,44,25
90162,5,4,61,58,5,6,26,31,31,30
84176,1,1,13,18,4,4,10,7,8,5
82642,2,12,68,112,15,5,70,41,41,27
77281,5,5,71,68,7,10,35,33,33,37
91063,6,6,80,86,8,5,46,40,39,40
85753,3,11,66,113,11,5,71,42,41,24
11415,0,1,18,16,3,4,6,9,9,9
75224,4,6,58,75,14,7,46,28,28,30
78877,6,5,83,61,5,10,25,35,36,47
77129,8,6,89,88,6,10,45,43,42,46
85058,5,9,81,96,8,4,50,46,46,34
65330,4,5,65,63,8,10,30,33,32,32
82618,5,4,58,63,5,7,30,32,33,25
90319,4,10,71,106,10,6,67,38,39,32
83421,3,3,38,47,4,5,22,24,24,14
91207,4,5,56,68,4,7,37,30,31,25
91218,2,0,18,19,3,7,10,9,8,9
86845,0,1,12,9,4,4,5,4,4,7
86979,7,7,84,91,8,7,47,43,43,41
86799,6,3,56,61,6,7,28,32,32,24
89626,4,10,81,92,7,8,51,41,40,40
91391,4,4,47,57,7,8,31,25,26,21
91392,3,8,55,85,14,4,53,32,32,22
91388,0,0,2,5,4,2,3,1,1,1
45794,1,2,18,28,8,8,20,7,7,11
89003,3,11,67,103,8,5,61,42,42,24
90199,5,9,77,93,8,8,52,40,40,37
11552,4,8,66,90,6,5,49,40,40,26
88991,4,3,44,50,5,6,23,26,26,18
91461,6,8,76,94,8,5,50,43,44,32
86158,6,8,73,97,7,5,49,47,47,26
78840,1,0,11,9,3,5,4,4,5,6
58318,0,1,11,12,4,2,4,7,8,3
27756,1,2,17,26,5,5,16,10,9,7
89954,2,6,38,65,8,3,40,24,24,14
80381,4,9,66,102,10,4,59,42,43,23
62519,1,0,16,19,5,8,11,7,8,8
85072,4,9,76,91,8,5,43,47,47,29
91650,3,6,49,71,14,8,48,23,22,26
25099,1,6,40,60,7,6,35,24,25,15
87070,3,4,47,58,5,4,30,28,28,18
83976,3,2,39,42,4,7,20,22,22,16
85459,6,7,70,96,8,5,53,43,42,27
78927,1,0,16,8,2,3,2,6,6,9
90038,3,10,61,104,9,6,65,38,38,23
89006,3,10,68,97,6,4,49,47,47,21
81776,3,0,34,21,4,7,8,12,13,21
63830,3,5,42,62,5,5,36,25,25,17
85271,1,0,12,8,3,5,4,4,4,7
79129,3,1,36,36,4,5,17,19,18,16
87299,5,8,72,90,10,6,52,38,37,34
92156,1,3,27,41,4,4,21,19,18,8
92157,2,8,53,80,9,9,50,29,29,23
92121,3,10,66,95,8,6,57,37,37,29
90993,2,11,70,90,5,5,46,43,43,27
37284,2,8,63,70,6,9,37,33,32,30
78987,3,10,64,96,8,5,56,40,39,24
90808,5,8,66,93,7,5,55,37,37,29
61815,5,7,74,82,10,5,40,41,42,32
83699,2,2,37,25,3,5,7,17,17,20
87717,3,10,70,89,4,5,43,45,45,25
91143,3,2,36,37,8,7,19,17,17,19
52329,6,7,78,81,9,6,41,39,39,39
23501,1,7,45,55,7,3,30,25,25,19
86111,3,10,62,96,9,6,55,40,41,21
51263,1,0,13,9,2,6,3,6,5,7
92293,4,5,52,63,11,5,34,29,29,22
53225,2,4,40,41,7,7,20,21,20,19
50017,5,5,68,58,5,8,25,32,32,36
89301,3,5,48,52,5,4,25,26,26,22
76639,2,8,56,84,8,4,52,32,32,23
81857,2,5,45,54,6,6,28,26,25,19
67598,5,7,67,87,6,4,47,39,39,28
92602,2,10,65,88,7,5,48,39,39,26
88352,2,10,60,91,11,7,59,32,31,28
63765,4,4,55,51,7,8,21,29,29,26
76082,6,6,71,80,12,7,43,36,37,34
80303,1,1,21,20,6,5,9,11,10,10
82307,3,9,65,85,8,7,47,37,37,28
17279,0,6,32,51,6,4,31,20,19,12
91233,1,11,53,97,8,7,65,32,31,21
92709,3,6,50,65,11,6,38,26,26,24
19583,4,8,70,79,7,7,40,38,38,32
90829,3,9,65,84,6,6,46,38,37,27
84769,3,9,52,96,10,5,64,32,31,20
75241,5,7,65,83,6,6,50,33,32,32
90215,2,10,57,91,9,4,54,37,37,19
11618,2,10,72,76,6,6,39,37,37,34
92618,1,8,41,76,10,4,46,30,29,11
90601,1,11,54,93,10,5,57,35,35,19
30940,6,6,67,80,10,6,41,39,38,28
76625,2,0,15,20,7,4,12,7,7,8
83906,4,5,57,64,7,6,36,28,28,28
12073,6,6,65,81,6,3,38,42,42,23
89533,4,8,65,81,8,8,42,39,38,26
11600,4,8,68,78,7,4,36,42,41,26
42585,3,9,62,84,7,4,45,38,39,23
86725,1,4,25,37,7,4,21,16,15,9
77976,0,2,11,16,5,3,9,6,6,5
88590,3,5,46,54,6,5,30,24,23,22
86228,1,11,47,98,13,3,64,33,33,14
83143,2,9,60,84,7,4,49,35,34,25
65947,3,8,58,86,7,4,51,35,34,23
79265,6,5,64,80,6,4,40,40,39,24
23085,1,8,49,71,7,5,41,30,29,19
82298,5,1,57,35,4,9,15,19,20,37
91883,1,5,31,55,6,3,30,24,24,7
44206,1,10,48,94,10,3,62,32,32,15
75819,3,8,58,84,7,5,47,36,36,22
32870,1,10,51,91,9,3,58,33,33,17
79103,1,10,50,92,9,6,59,32,32,18
82196,2,3,33,38,7,6,20,17,17,16
91937,1,3,27,38,7,6,22,15,14,12
89004,3,4,40,51,7,7,31,20,19,20
76708,2,0,20,20,4,5,9,10,10,10
85792,4,7,59,79,9,5,44,34,34,25
66384,5,6,61,77,7,7,45,31,31,30
87184,2,7,42,78,11,3,47,30,30,12
70308,0,6,32,48,7,4,27,20,20,12
92988,1,4,27,38,5,5,20,17,17,10
91611,5,2,48,41,7,6,20,21,20,27
86783,2,9,53,81,10,3,44,36,36,17
27422,3,1,26,26,9,3,11,14,14,12
77338,1,10,56,77,8,5,43,33,33,23
91556,0,11,54,79,10,5,46,33,32,21
91547,3,1,31,31,5,6,12,17,18,13
92611,1,10,43,90,7,3,60,29,29,14
92890,3,4,40,50,5,7,27,22,22,18
90071,4,6,59,73,5,9,43,29,29,30
79881,4,2,48,37,4,6,16,20,21,27
83443,2,8,56,75,9,7,44,30,30,26
90805,5,5,64,66,7,7,29,36,36,28
10909,3,7,49,80,9,4,50,30,29,19
89508,4,6,55,72,6,8,41,31,30,24
93422,2,2,29,30,5,4,13,17,17,11
68857,1,4,27,39,6,4,21,17,17,10
86964,6,4,61,60,4,6,32,28,27,33
89393,2,8,44,77,8,4,48,29,28,15
79915,5,3,49,49,6,4,24,24,24,25
12456,0,0,7,8,5,2,4,3,4,3
89105,3,0,32,24,3,5,8,15,16,16
87267,2,7,44,73,12,4,46,27,26,17
91068,4,5,49,68,6,5,40,28,27,21
87657,1,8,49,68,6,4,38,30,29,19
90547,0,0,13,3,1,5,0,3,2,10
85592,1,8,45,70,10,4,41,29,28,16
89071,1,8,40,74,8,3,45,29,28,11
12872,2,7,44,69,10,5,44,25,24,19
90386,5,4,49,63,9,4,40,23,22,26
81481,3,6,44,65,7,4,37,27,28,16
15553,1,3,19,36,6,3,19,16,16,3
13035,2,7,41,68,9,3,40,27,27,14
79545,5,4,45,64,14,4,37,27,27,17
77182,4,5,59,50,4,5,19,31,31,27
13168,3,3,48,47,4,4,19,27,28,20
13141,0,1,14,11,2,3,2,8,9,5
86339,0,8,44,62,7,3,34,27,28,16
79089,2,1,27,18,5,8,8,10,10,16
12558,4,4,49,55,6,5,31,24,24,24
83111,3,5,48,56,6,6,28,27,27,21
48486,1,7,33,70,13,4,47,22,22,11
88031,2,6,49,54,5,8,31,23,22,26
13356,3,5,44,59,10,5,38,20,20,24
93159,2,1,26,18,4,9,8,9,10,16
89641,2,6,40,62,5,3,35,26,26,14
12345,1,7,40,60,8,3,33,26,26,14
79411,0,2,14,15,5,4,7,8,7,6
13598,0,2,10,22,5,2,13,9,8,1
13586,3,5,41,57,6,5,31,25,25,16
13567,3,0,18,24,5,3,13,10,10,8
93096,0,8,41,56,6,4,30,26,26,14
88837,1,7,42,55,6,5,32,22,22,20
13103,2,6,36,61,10,5,40,20,20,16
13721,2,5,37,58,5,5,34,23,23,14
13936,4,3,38,57,9,3,31,25,25,13
76614,2,5,43,49,7,5,26,22,23,20
80399,3,2,42,37,5,7,15,22,21,20
13788,0,7,26,65,9,3,45,20,19,6
12369,2,5,41,50,6,4,26,24,24,16
12542,5,2,45,45,5,4,17,28,27,17
13963,4,3,47,42,4,4,20,22,21,25
76744,1,6,38,50,8,4,27,22,22,16
85257,2,5,37,51,7,3,24,26,26,11
91926,3,4,39,49,5,5,24,24,25,14
13142,3,3,45,33,8,9,15,17,17,28
77496,1,6,35,50,10,5,30,19,19,16
13407,1,6,30,55,5,4,35,19,20,10
89002,4,2,39,39,4,4,16,22,23,16
14297,2,4,33,51,6,3,26,24,24,9
80286,1,5,36,48,8,6,31,17,17,18
79588,1,0,15,9,2,6,2,7,6,8
80681,2,4,33,48,6,5,28,19,20,13
90979,3,3,35,45,5,7,21,23,23,12
93002,0,6,30,50,7,5,32,17,17,13
14542,1,5,31,49,7,4,30,18,19,12
89509,4,1,37,32,7,7,13,18,19,18
14601,2,1,23,25,4,7,11,13,13,10
80204,1,5,31,47,6,4,26,21,20,10
85593,3,1,36,29,4,5,8,21,20,15
92778,3,3,44,33,5,7,14,18,18,26
14011,2,0,14,21,8,5,11,9,9,5
79637,2,4,39,37,3,7,16,21,20,18
85663,2,4,33,43,5,3,25,18,17,15
85991,0,2,23,12,2,5,2,9,10,13
79145,3,3,31,42,9,5,22,19,20,11
88436,1,0,17,9,3,7,3,5,5,12
12622,0,5,35,37,4,5,18,19,18,16
45911,2,3,32,38,5,7,21,16,16,16
85265,4,1,36,34,5,4,14,19,19,17
89617,1,4,26,44,6,5,25,18,18,8
82581,2,3,34,36,4,7,18,18,17,16
91416,3,2,36,34,7,4,12,21,21,15
81045,1,4,26,43,7,3,27,16,15,10
85035,1,4,31,36,6,5,21,15,14,16
89217,2,3,34,32,5,9,15,16,16,18
12076,2,0,20,12,3,4,3,9,9,10
42877,1,4,30,36,5,4,20,15,15,15
79678,2,3,23,42,7,3,28,13,13,10
15401,0,0,3,7,3,1,3,3,3,0
15404,0,0,7,4,2,2,1,3,3,3
15408,3,2,33,32,6,6,14,18,17,15
15488,0,5,24,41,12,3,26,15,14,9
89565,0,0,1,2,2,1,1,0,1,0
91103,2,3,31,33,6,6,16,17,17,13
13964,2,3,33,31,5,4,13,18,18,14
90442,0,3,20,22,3,4,10,12,11,8
93089,0,5,23,40,4,3,23,17,16,6
14776,1,4,25,37,8,4,24,12,12,13
88446,1,4,25,37,7,3,20,16,16,9
15797,1,1,16,12,4,5,5,7,6,9
23393,0,5,24,37,7,5,25,12,12,11
15707,2,3,29,32,4,4,15,16,16,13
90305,0,4,25,35,5,5,19,15,15,10
89017,0,4,25,35,5,3,20,15,14,10
92239,3,1,30,29,5,4,12,17,16,13
58413,3,1,35,24,3,6,7,17,17,17
14889,2,2,24,35,5,5,21,14,13,10
89269,1,3,28,30,6,6,16,13,14,14
76095,1,3,22,36,6,3,21,15,14,7
92614,0,4,21,37,6,3,24,12,12,9
59300,1,3,26,32,7,4,18,13,14,12
88873,0,4,19,38,7,3,24,13,13,6
92322,1,3,23,34,4,3,18,15,15,8
28804,3,1,27,29,5,5,14,15,14,12
89216,1,0,17,8,2,5,2,5,6,11
15980,2,2,29,27,4,9,12,15,14,14
89866,2,2,19,37,10,3,24,12,12,7
38093,0,4,17,39,5,3,25,13,13,4
90373,1,3,26,30,6,5,17,12,12,14
91152,0,4,16,39,5,3,25,13,13,3
12981,1,3,22,33,6,5,20,13,12,9
58819,1,3,19,35,9,3,22,12,13,6
80191,2,2,21,33,5,5,19,13,13,8
16087,1,3,16,37,6,3,24,12,12,4
12308,1,3,17,35,6,4,23,11,11,6
65541,0,4,21,31,9,4,19,12,11,9
85621,1,3,19,33,8,4,21,11,12,7
13983,1,2,31,16,3,5,5,11,11,19
80183,2,2,18,31,10,3,19,11,11,7
85675,1,0,11,11,5,5,7,4,3,7
76709,0,3,14,34,8,4,24,9,9,5
79906,2,1,29,18,3,8,7,10,10,19
16538,2,1,26,21,3,4,7,14,13,12
93429,2,1,17,29,11,3,17,11,11,6
79782,2,1,28,18,3,6,7,11,10,17
77357,1,2,16,30,5,2,18,11,11,5
69649,1,2,18,28,5,3,16,12,11,6
81696,2,1,24,22,3,6,9,12,13,11
84767,1,2,16,30,7,3,19,11,10,5
79698,0,3,14,31,7,2,19,11,11,3
14338,1,2,15,28,7,3,19,9,8,6
83621,1,2,16,27,5,2,15,12,11,4
88860,1,2,13,30,9,5,23,6,6,7
82303,1,2,20,23,4,4,11,12,11,8
14704,0,3,12,31,13,2,24,7,7,4
75341,1,2,15,27,6,3,18,8,8,7
65402,1,2,22,20,3,5,8,12,12,9
87541,1,2,15,27,6,3,17,10,9,5
81736,0,3,11,31,7,2,21,10,9,1
11891,2,1,22,20,3,3,6,13,13,9
13911,0,3,19,22,5,4,11,10,10,9
86996,1,2,17,23,6,3,13,10,10,6
16816,1,0,11,8,2,5,2,5,6,5
11403,0,3,14,26,5,3,16,9,9,5
13760,2,1,19,20,3,3,7,12,12,7
16851,2,1,19,20,5,6,11,8,8,11
12623,1,1,17,19,3,4,10,8,8,9
80539,0,0,12,7,2,4,1,5,5,7
91668,0,2,16,18,4,3,8,10,9,6
11786,0,2,12,22,5,3,13,9,8,3
84761,0,2,11,23,6,3,16,7,6,4
92402,0,2,11,22,5,3,13,8,8,3
75107,1,1,17,15,5,5,7,7,7,10
91849,0,2,12,19,6,4,11,7,7,5
12449,1,1,12,19,4,3,11,7,7,5
32803,1,1,21,10,2,6,4,6,5,15
24053,1,1,13,18,5,2,9,9,8,4
14295,0,2,12,19,4,2,9,9,9,3
80320,0,2,7,23,7,2,17,5,5,2
14714,1,1,11,18,3,2,9,8,8,3
90272,0,1,7,9,3,3,4,4,4,3
93132,0,2,13,14,4,3,7,7,6,6
36003,1,1,13,14,5,5,7,7,6,6
14939,0,2,9,17,5,3,11,5,5,4
18143,0,2,9,17,6,3,13,4,3,5
88664,0,2,10,16,6,4,10,6,5,4
13641,1,1,18,7,2,6,1,6,5,12
16431,1,1,10,15,8,3,9,6,5,4
90520,0,2,9,16,6,4,10,6,5,3
44329,0,1,7,17,5,3,12,4,4,3
12448,0,1,8,16,4,3,9,6,6,2
81677,1,0,11,12,3,4,5,6,7,4
32986,1,0,11,12,4,3,6,5,6,5
18420,1,0,8,13,4,2,7,5,5,3
18421,1,0,10,11,2,3,5,5,5,5
18428,0,1,7,13,6,3,9,4,3,3
90454,0,1,7,11,3,3,6,4,4,3
18592,0,1,8,10,6,4,6,3,3,5
18724,0,1,7,11,6,3,7,4,3,3
75591,0,1,8,9,3,3,5,4,3,4
79785,0,1,5,11,5,2,7,3,3,2
13949,1,0,4,12,4,3,9,2,2,2
90505,1,0,7,8,3,3,4,3,3,4
13447,0,1,3,11,9,2,8,2,2,1
17743,1,0,5,8,2,2,4,3,3,2
77649,0,1,4,9,5,1,5,3,4,0
77037,0,1,5,8,3,1,4,4,4,0
76795,0,1,5,8,3,3,4,3,3,2
91041,0,1,7,6,2,4,2,3,3,4
14579,0,0,3,9,5,2,6,2,2,1
16692,0,0,4,6,3,2,3,3,2,1
90664,0,0,3,5,3,3,3,1,1,2
19285,0,0,1,7,7,1,6,0,1,0
62498,0,0,2,6,4,2,4,1,1,1
90248,0,0,3,5,3,1,2,2,3,0
19286,0,0,2,6,4,2,4,1,1,1
76185,0,0,2,5,4,1,3,2,1,0
87445,0,0,4,3,2,2,1,2,1,2
61516,0,0,3,4,2,1,1,3,2,0
14763,0,0,1,3,3,1,2,1,0,0
15291,0,0,1,3,2,1,1,1,1,0
82515,0,0,1,2,1,1,0,1,1,0
19807,0,0,0,2,2,0,1,0,0,0
93436,0,0,0,1,1,0,0,0,0,0
20057,0,0,0,1,1,0,0,0,0,0
